<?xml version="1.0" ?>
<manifest identifier="rUp4CXoe00aYGqZioagy05oQ326A7RNEmLrHJoDj" version="1"
  xmlns="http://www.imsproject.org/xsd/imscp_rootv1p1p2"
  xmlns:adlcp="http://www.adlnet.org/xsd/adlcp_rootv1p2"
  xmlns:xsi="http://www.w3.org/2001/XMLSchema-instance"
  xsi:schemaLocation="http://www.imsproject.org/xsd/imscp_rootv1p1p2 imscp_rootv1p1p2.xsd
                      http://www.imsglobal.org/xsd/imsmd_rootv1p2p1 imsmd_rootv1p2p1.xsd
                      http://www.adlnet.org/xsd/adlcp_rootv1p2 adlcp_rootv1p2.xsd">
  <metadata>
    <schema>ADL SCORM</schema>
    <schemaversion>1.2</schemaversion>
    <adlcp:location>metadata.xml</adlcp:location>
  </metadata>
  <organizations default="articulate_rise">
      <organization identifier="articulate_rise">
      <title>Short Course 3 – Communicating gender equity</title>
      <item identifier="i1" identifierref="r1" isvisible="true">
        <title>Short Course 3 – Communicating gender equity</title>
      </item>
    </organization>
  </organizations>
  <resources>
    <resource identifier="r1" type="webcontent" adlcp:scormtype="sco" href="scormdriver/indexAPI.html">
      <!-- SCORMDRIVER STUFF -->
      <file href="scormdriver/indexAPI.html" />
      <file href="scormdriver/AICCComm.html" />
      <file href="scormdriver/auto-scripts/AutoBookmark.js" />
      <file href="scormdriver/auto-scripts/AutoCompleteSCO.js" />
      <file href="scormdriver/auto-scripts/CourseExit.js" />
      <file href="scormdriver/blank.html" />
      <file href="scormdriver/goodbye.html" />
      <file href="scormdriver/scormdriver.js" />
      <file href="scormdriver/browsersniff.js" />

      <!-- RUNTIME COMMON STUFF -->
      <file href="scormcontent/index.html" />
      <file href="scormcontent/lib/main.bundle.js"/>

      
        <file href="scormcontent/lib/fonts/icomoon.ttf"/>
        <file href="scormcontent/lib/fonts/icomoon.woff"/>

        <file href="scormcontent/lib/icomoon.css"/>
        <file href="scormcontent/lib/main.bundle.css"/>
        <file href="scormcontent/lib/player-0.0.11.min.js"/>
        <file href="scormcontent/lib/lzwcompress.js"/>
      

      <!-- RUNTIME CONTENT STUFF -->
      <file href="scormcontent/lib/fonts/Lato-Light.woff" />
<file href="scormcontent/lib/fonts/Lato-Regular.woff" />
<file href="scormcontent/lib/fonts/Lato-Bold.woff" />
<file href="scormcontent/lib/fonts/Lato-Italic.woff" />
<file href="scormcontent/lib/fonts/Lato-Black.woff" />
<file href="scormcontent/lib/fonts/n5b1zQH5dNztK1mU-arial.woff" />
<file href="scormcontent/lib/fonts/6aux3ogKO4oaWerm-arialbd.woff" />
<file href="scormcontent/lib/fonts/xVcJpme4umQVm6vn-ariali.woff" />
<file href="scormcontent/assets/Q4JqCUj20c2-Ev2M_small.png" />
<file href="scormcontent/assets/4I96BoCJyT2uV4Aa_3-NDkVbgXYhP-3nN.png" />
<file href="scormcontent/assets/GdavDkpY48R35C0E_I2Um5xCWxNZfZvvF.jpg" />
<file href="scormcontent/assets/K0kwwh-lVrmjkH-b_6UkqJa6dw6aJxUVV-support-20-services-20-handout.pdf" />
<file href="scormcontent/assets/oXeqR-eE7jZ6C9cU_oJ_A4-qMvP_M4TRF.jpg" />
<file href="scormcontent/assets/ftTApjdMlegK0_or_OS1JfB9TAYvjpW0B.png" />
<file href="scormcontent/assets/Lwc7mZ9JKb67EO7w_mountains.jpg" />
<file href="scormcontent/assets/TRnZmDldDP9PHjBW_bDffJ1dejxkWihx4.jpg" />
<file href="scormcontent/assets/42cbO6LTwWV11XCl_0EsjQxuGCe6LymlH.jpg" />
<file href="scormcontent/assets/8YU_SEAemTPxgYAH_gCI6GzMADPIG2spG.jpg" />
<file href="scormcontent/assets/ram998qMyIzbfEW9_MGVLwJc5rDE-HSIH.png" />
<file href="scormcontent/assets/JaGcynzpchM5BVb6_DMOP437nRb28y0FY.png" />
<file href="scormcontent/assets/BDLJGJffEfKI6oc4_KV_-zLw8GT3o7fxJ.png" />
<file href="scormcontent/assets/NFlPT8HHZhR0tw--_zTH2upXEXzxFwLSZ.png" />
<file href="scormcontent/assets/7kCTKN1kviPBku7r_mRN98cGtg_2jNgeo.png" />
<file href="scormcontent/assets/qSK4wasoOnY19fOV_zUa5xHPrgcUvER3B.jpg" />
<file href="scormcontent/assets/6EV4mlO7TYJ2nf5P_KkEkuGspFjqgM3LT.png" />
<file href="scormcontent/assets/l5ZdbjWfrifF5NZM_gqmnsIljjo2YqKaY.png" />
<file href="scormcontent/assets/e9hgSRLnKtzNfu_-_xIfVp2RI0SlFm-jh.png" />
<file href="scormcontent/assets/mvNSi9Kn9HGmpmI-_TzEIV5xY2HvBKTvF.jpg" />
<file href="scormcontent/assets/jjDtGWnxPb8A1nYW_mZrVoLdh9aU5l3jF.png" />
<file href="scormcontent/assets/UKeKg07s06dpUUoM_j0_YarLW5GoidIFb.jpg" />
<file href="scormcontent/assets/QgeOxPch2ZwMsvtZ_JX70c96oCbeF81eT.jpg" />
<file href="scormcontent/assets/6jxDG0LYMTzLsPKJ_3l3pY0hcIjxEfh9w.jpg" />
<file href="scormcontent/assets/bTgSL1cj19_rTPDQ_mdsoz3Wjm3DaThND.png" />
<file href="scormcontent/assets/BDbomNqooBRasDxN_nOtl1A2Gfb0sJ4ri.png" />
<file href="scormcontent/assets/fnuy8Gd9Q7Mp9xyw_IMgXf8w05eWw5gk4.png" />
<file href="scormcontent/assets/vr_Yl6sKJByTAUHz_-tK4KRsS9ZVFDY5v.jpg" />
<file href="scormcontent/assets/e-2YmLOLPWcSm9gN_Nu77YFSDxqrULx6A.jpg" />
<file href="scormcontent/assets/M1jn-Oczs04V4RY3_MadrTd4V0DvKLxWn.jpg" />
<file href="scormcontent/assets/v51TYmbI-5-WMmsi_77W9yOTZawgGdW1T.jpg" />
<file href="scormcontent/assets/rGoP3XZTDETYoZxV_xDMYkPNl2qaQaoYz.png" />
<file href="scormcontent/assets/wDTDupSWeXbvfhdk_CP2o7_bEofPQCzdp.png" />
<file href="scormcontent/assets/s3zaVZOZ-B0HyL3a_K7L7JaZT-ECqNH1d.png" />
<file href="scormcontent/assets/Y-SpvfBXx5-QISMB_Cmv3zSIYIsesX6l5.png" />
<file href="scormcontent/assets/A-2gyiMD_UC5z0KJ_q9-i6XYPAfh_4-xi.jpg" />
<file href="scormcontent/assets/9dgMna6w7uYzm09p__TZj64ldDSVkTBQ7.png" />
<file href="scormcontent/assets/YOrye4v0EuqoNILW_qHEZ5Xd0cvZf8r6H.png" />
<file href="scormcontent/assets/ed7jWK8r259gxiRJ_fdvrJQpBWK36dGJE.png" />
<file href="scormcontent/assets/leScFyp6Ou61DAr5_755cVbXGocZ85W8X.png" />
<file href="scormcontent/assets/uvo7sRJ3q7G2uN4f_9QlhC_FKN3g1PyLy.png" />
<file href="scormcontent/assets/TG4dzV_A3qwaf9sf_KV9S_5ub1kEpgGF2.png" />
<file href="scormcontent/assets/qVqd95cc8y2_r2cb_FuqrldtLrIQt4Bg6.png" />
<file href="scormcontent/assets/-Y2EP8sUx2lkZu4Y_Uyy_KKRhWivKbgGu.jpg" />
<file href="scormcontent/assets/v0NgkLraZvMmW7jA_lQCsqPi1h70MLkqY.jpg" />
<file href="scormcontent/assets/zqI_lnrfVh4hrBGG_CeiDM5m097tWDyCW.png" />
<file href="scormcontent/assets/CVqZy9K4aM57h2I6_Xtt4Ecb6vqm__6I4.jpg" />
<file href="scormcontent/assets/4z4LsssEN4GSLzSX_eFirz7I3kU9SQzML.jpg" />
<file href="scormcontent/assets/MmB3zWi0Gxwd8jht_id__SiHcHbom8BVw.png" />
<file href="scormcontent/assets/FsfnhMhflrWfnts3_TL0435VbDBMyfjsK.jpg" />
<file href="scormcontent/assets/Nst4LMZOYQm9LKlW_Pw36NrvwXJTylMsd.png" />
<file href="scormcontent/assets/JlkDo1ifSJlUJV7C_VGb688AR29ZGtEBq.png" />
<file href="scormcontent/assets/Ef4AJ7BXkUXde6Qy_VBnQXw4gMoIodk6I.png" />
<file href="scormcontent/assets/E73UnvkYYzU4BUlz_GuTi5CH0eMoZnNnl.jpg" />
<file href="scormcontent/assets/xx_-zYwFrts7uNKN_leUGa219bIM40rHi.jpg" />
<file href="scormcontent/assets/lTTRIObar081q-Wf_-pSSj9JqpmOpA0MQ.jpg" />
<file href="scormcontent/assets/tmNLDjJWUTtIXuAn_KGq67LC1rgAvBxLu.png" />
<file href="scormcontent/assets/qL2mVdjesYpbSM75_hMaNaOlWi9PaeTdm.png" />
<file href="scormcontent/assets/TAF6NQFLKDdbUBoD_r2oe7eIJv9ebyB8x.png" />
<file href="scormcontent/assets/fMqpHSkROV4xx8Y1_e1uX6DdbyXgypa3k.png" />
<file href="scormcontent/assets/krhO6_JNDtWCHPYk_nkLwE2oFxRfnFg2u.png" />
<file href="scormcontent/assets/uA-A3iF7hMSgI1ar_Uu7wSgfdoOTRolmI.png" />
<file href="scormcontent/assets/nr-VWH1Qg_l5R8iD_4B7LWvgAwKSkZANc.png" />
<file href="scormcontent/assets/-cFG4w7QhkQ2L-xU_oJrEM7p4u4WTqULQ.png" />
<file href="scormcontent/assets/A8yTq1BRxHPi8G-6_0wmXsG6MFLwA0av8.png" />
<file href="scormcontent/assets/kUyqez5-_aOQmujQ_VaDYCSuxSkD3npyl.png" />
<file href="scormcontent/assets/EHPLlMV2mmK5hk6Y_foHvWIBwg1dqlFEx.png" />
<file href="scormcontent/assets/zjuP6o5baBFUmt86_3FO1t3fYX2na4h81.png" />
<file href="scormcontent/assets/ffcuXK1sMdowJy1p_N9rMd0KEkajK94k_.png" />
<file href="scormcontent/assets/QbvX2TWXypk86iCP_e8BdnWVUSJ819ScI.png" />

    </resource>
  </resources>
</manifest>
