<?xml version="1.0" ?>
<manifest identifier="rUp4CXoe00aYGqZioagy05oQ326A7RNECpLvzStA" version="1"
  xmlns="http://www.imsproject.org/xsd/imscp_rootv1p1p2"
  xmlns:adlcp="http://www.adlnet.org/xsd/adlcp_rootv1p2"
  xmlns:xsi="http://www.w3.org/2001/XMLSchema-instance"
  xsi:schemaLocation="http://www.imsproject.org/xsd/imscp_rootv1p1p2 imscp_rootv1p1p2.xsd
                      http://www.imsglobal.org/xsd/imsmd_rootv1p2p1 imsmd_rootv1p2p1.xsd
                      http://www.adlnet.org/xsd/adlcp_rootv1p2 adlcp_rootv1p2.xsd">
  <metadata>
    <schema>ADL SCORM</schema>
    <schemaversion>1.2</schemaversion>
    <adlcp:location>metadata.xml</adlcp:location>
  </metadata>
  <organizations default="articulate_rise">
      <organization identifier="articulate_rise">
      <title>Short Course 3 – Communicating gender equity</title>
      <item identifier="i1" identifierref="r1" isvisible="true">
        <title>Short Course 3 – Communicating gender equity</title>
      </item>
    </organization>
  </organizations>
  <resources>
    <resource identifier="r1" type="webcontent" adlcp:scormtype="sco" href="scormdriver/indexAPI.html">
      <!-- SCORMDRIVER STUFF -->
      <file href="scormdriver/indexAPI.html" />
      <file href="scormdriver/AICCComm.html" />
      <file href="scormdriver/auto-scripts/AutoBookmark.js" />
      <file href="scormdriver/auto-scripts/AutoCompleteSCO.js" />
      <file href="scormdriver/auto-scripts/CourseExit.js" />
      <file href="scormdriver/blank.html" />
      <file href="scormdriver/goodbye.html" />
      <file href="scormdriver/scormdriver.js" />
      <file href="scormdriver/browsersniff.js" />

      <!-- RUNTIME COMMON STUFF -->
      <file href="scormcontent/index.html" />
      <file href="scormcontent/lib/main.bundle.js"/>

      
        <file href="scormcontent/lib/fonts/icomoon.ttf"/>
        <file href="scormcontent/lib/fonts/icomoon.woff"/>

        <file href="scormcontent/lib/icomoon.css"/>
        <file href="scormcontent/lib/main.bundle.css"/>
        <file href="scormcontent/lib/player-0.0.11.min.js"/>
        <file href="scormcontent/lib/lzwcompress.js"/>
      

      <!-- RUNTIME CONTENT STUFF -->
      <file href="scormcontent/lib/fonts/Lato-Light.woff" />
<file href="scormcontent/lib/fonts/Lato-Regular.woff" />
<file href="scormcontent/lib/fonts/Lato-Bold.woff" />
<file href="scormcontent/lib/fonts/Lato-Italic.woff" />
<file href="scormcontent/lib/fonts/Lato-Black.woff" />
<file href="scormcontent/lib/fonts/n5b1zQH5dNztK1mU-arial.woff" />
<file href="scormcontent/lib/fonts/6aux3ogKO4oaWerm-arialbd.woff" />
<file href="scormcontent/lib/fonts/xVcJpme4umQVm6vn-ariali.woff" />
<file href="scormcontent/assets/aitl2iKlWgnf0Fmw_small.png" />
<file href="scormcontent/assets/ckMWuKNae7Np5q8D_3-NDkVbgXYhP-3nN.png" />
<file href="scormcontent/assets/k_FF-WyXgzL2rlxL_I2Um5xCWxNZfZvvF.jpg" />
<file href="scormcontent/assets/2uFdF8P3_emr1Ld6_nLH3S0LteP8nyfFQ-support-20-services-20-handout.pdf" />
<file href="scormcontent/assets/WwiCC1T7Is_89aJS_oJ_A4-qMvP_M4TRF.jpg" />
<file href="scormcontent/assets/1FRyn9wfShNh6oCR_OS1JfB9TAYvjpW0B.png" />
<file href="scormcontent/assets/KjViHLtPNt4vIG0q_mountains.jpg" />
<file href="scormcontent/assets/eq-Jeos8z8WL55ra_bDffJ1dejxkWihx4.jpg" />
<file href="scormcontent/assets/gZI7wV5_l5llGOUI_0EsjQxuGCe6LymlH.jpg" />
<file href="scormcontent/assets/uGfRstX9mBhU3gVH_gCI6GzMADPIG2spG.jpg" />
<file href="scormcontent/assets/JD6HuzqPDQtwgtiF_MGVLwJc5rDE-HSIH.png" />
<file href="scormcontent/assets/SOqo74OSOzgSxMq7_DMOP437nRb28y0FY.png" />
<file href="scormcontent/assets/vaHcliGACDazczuG_KV_-zLw8GT3o7fxJ.png" />
<file href="scormcontent/assets/iPh13YptcIDZpoKr_zTH2upXEXzxFwLSZ.png" />
<file href="scormcontent/assets/At1IzZmvxpvBytXb_mRN98cGtg_2jNgeo.png" />
<file href="scormcontent/assets/M-v1-c2OhKXJR5Ya_zUa5xHPrgcUvER3B.jpg" />
<file href="scormcontent/assets/Bhgj-RiimmCv5lnZ_RxzgMuskojAgWY3N.png" />
<file href="scormcontent/assets/jdEMWrhk72NxHbA4_gqmnsIljjo2YqKaY.png" />
<file href="scormcontent/assets/0zydL7eWV2Db4HFY_xIfVp2RI0SlFm-jh.png" />
<file href="scormcontent/assets/ID2_H9_ZVzE24Zmz_TzEIV5xY2HvBKTvF.jpg" />
<file href="scormcontent/assets/N4IUaCH-oCAkfBC5_mZrVoLdh9aU5l3jF.png" />
<file href="scormcontent/assets/kL0qYKg4Ni8tXnXw_j0_YarLW5GoidIFb.jpg" />
<file href="scormcontent/assets/-uZN3QwHoOcNdS0f_JX70c96oCbeF81eT.jpg" />
<file href="scormcontent/assets/MPFbDMAA2MM-JIh__3l3pY0hcIjxEfh9w.jpg" />
<file href="scormcontent/assets/IU42YEqtf7rGU9qi_mdsoz3Wjm3DaThND.png" />
<file href="scormcontent/assets/6DBpbO2lF_VxE-7w_nOtl1A2Gfb0sJ4ri.png" />
<file href="scormcontent/assets/LXUKI9eZGAu8hhpz_IMgXf8w05eWw5gk4.png" />
<file href="scormcontent/assets/UT2aaVaT4iC4K3lB_-tK4KRsS9ZVFDY5v.jpg" />
<file href="scormcontent/assets/6k8fY6QjiDqOFbtw_Nu77YFSDxqrULx6A.jpg" />
<file href="scormcontent/assets/mwHuAaYdyjGzNYwM_MadrTd4V0DvKLxWn.jpg" />
<file href="scormcontent/assets/ZfzcrQT2FlMoe1GG_77W9yOTZawgGdW1T.jpg" />
<file href="scormcontent/assets/dSHXnNJ-YR4NkKBJ_xDMYkPNl2qaQaoYz.png" />
<file href="scormcontent/assets/ivyBFAND_DxEG24j_CP2o7_bEofPQCzdp.png" />
<file href="scormcontent/assets/nYAUajF67KC8xgyw_K7L7JaZT-ECqNH1d.png" />
<file href="scormcontent/assets/BCmRYeQGioECObf4_Cmv3zSIYIsesX6l5.png" />
<file href="scormcontent/assets/UtfHGxCZp5_gJzC6_q9-i6XYPAfh_4-xi.jpg" />
<file href="scormcontent/assets/1e7PFbWNARGmlWW5__TZj64ldDSVkTBQ7.png" />
<file href="scormcontent/assets/8u87YOYxDsth0AK6_qHEZ5Xd0cvZf8r6H.png" />
<file href="scormcontent/assets/MCipwZtXbJQdR0W6_fdvrJQpBWK36dGJE.png" />
<file href="scormcontent/assets/yugeXiyIVjwu7HdO_755cVbXGocZ85W8X.png" />
<file href="scormcontent/assets/IhbCPnMuNq_kAB4l_9QlhC_FKN3g1PyLy.png" />
<file href="scormcontent/assets/FosJ9vImwtigkHwo_KV9S_5ub1kEpgGF2.png" />
<file href="scormcontent/assets/4rTlkhCzOisPhYx4_FuqrldtLrIQt4Bg6.png" />
<file href="scormcontent/assets/7ajVF2zTAvPmm-4r_Uyy_KKRhWivKbgGu.jpg" />
<file href="scormcontent/assets/Sr8DD7xJ3Cn9oRUw_lQCsqPi1h70MLkqY.jpg" />
<file href="scormcontent/assets/LVJ8a-a2qaSyxu_b_CeiDM5m097tWDyCW.png" />
<file href="scormcontent/assets/QTgoYHLm81ZCgZEq_Xtt4Ecb6vqm__6I4.jpg" />
<file href="scormcontent/assets/oh7SGcWfxu8NzzUy_eFirz7I3kU9SQzML.jpg" />
<file href="scormcontent/assets/WJwzYeoCQdee65p6_id__SiHcHbom8BVw.png" />
<file href="scormcontent/assets/jJvkGS9lrGMmh7n0_TL0435VbDBMyfjsK.jpg" />
<file href="scormcontent/assets/SRq0AYaljByY6Lu1_Pw36NrvwXJTylMsd.png" />
<file href="scormcontent/assets/iKPuuFxPaUjLpzCw_VGb688AR29ZGtEBq.png" />
<file href="scormcontent/assets/4V35DkjKQsgdL1Vm_VBnQXw4gMoIodk6I.png" />
<file href="scormcontent/assets/mVjCEIWCyeTTX2EM_GuTi5CH0eMoZnNnl.jpg" />
<file href="scormcontent/assets/ABjPwS2uF4ba_GfD_leUGa219bIM40rHi.jpg" />
<file href="scormcontent/assets/yyTHLKtq_CdPoU9a_-pSSj9JqpmOpA0MQ.jpg" />
<file href="scormcontent/assets/sJPM32L8IkUqG58K_KGq67LC1rgAvBxLu.png" />
<file href="scormcontent/assets/hlzhmV1Hj7joXkov_hMaNaOlWi9PaeTdm.png" />
<file href="scormcontent/assets/mowvHSv2vSBJqDOx_r2oe7eIJv9ebyB8x.png" />
<file href="scormcontent/assets/NMDx9KdZ_cB1Skld_e1uX6DdbyXgypa3k.png" />
<file href="scormcontent/assets/eBJLUMgmWKzGQ8-O_nkLwE2oFxRfnFg2u.png" />
<file href="scormcontent/assets/3hS-1IH4YrTDIzEd_Uu7wSgfdoOTRolmI.png" />
<file href="scormcontent/assets/Ch1yOrLmzvmJGHT4_4B7LWvgAwKSkZANc.png" />
<file href="scormcontent/assets/DBf3lUUwKREEMSI3_oJrEM7p4u4WTqULQ.png" />
<file href="scormcontent/assets/O4F0DvthVDY2B9FO_0wmXsG6MFLwA0av8.png" />
<file href="scormcontent/assets/5SunpFO_sqssqUWJ_VaDYCSuxSkD3npyl.png" />
<file href="scormcontent/assets/wcTNhw4UdNx2nERd_foHvWIBwg1dqlFEx.png" />
<file href="scormcontent/assets/ornxw3jKxfZYidD5_3FO1t3fYX2na4h81.png" />
<file href="scormcontent/assets/jPZQnSuQxzo394ex_N9rMd0KEkajK94k_.png" />
<file href="scormcontent/assets/82uvGQrgtqWbQ-Pj_e8BdnWVUSJ819ScI.png" />

    </resource>
  </resources>
</manifest>
