<?xml version="1.0" ?>
<manifest identifier="mW9ydvDGI20NG46O0TdPlIZnSyAtEYyWiR8EZbCd" version="1"
  xmlns="http://www.imsproject.org/xsd/imscp_rootv1p1p2"
  xmlns:adlcp="http://www.adlnet.org/xsd/adlcp_rootv1p2"
  xmlns:xsi="http://www.w3.org/2001/XMLSchema-instance"
  xsi:schemaLocation="http://www.imsproject.org/xsd/imscp_rootv1p1p2 imscp_rootv1p1p2.xsd
                      http://www.imsglobal.org/xsd/imsmd_rootv1p2p1 imsmd_rootv1p2p1.xsd
                      http://www.adlnet.org/xsd/adlcp_rootv1p2 adlcp_rootv1p2.xsd">
  <metadata>
    <schema>ADL SCORM</schema>
    <schemaversion>1.2</schemaversion>
    <adlcp:location>metadata.xml</adlcp:location>
  </metadata>
  <organizations default="articulate_rise">
      <organization identifier="articulate_rise">
      <title>Short Course 2 – Self-care for gender equity work</title>
      <item identifier="i1" identifierref="r1" isvisible="true">
        <title>Short Course 2 – Self-care for gender equity work</title>
      </item>
    </organization>
  </organizations>
  <resources>
    <resource identifier="r1" type="webcontent" adlcp:scormtype="sco" href="scormdriver/indexAPI.html">
      <!-- SCORMDRIVER STUFF -->
      <file href="scormdriver/indexAPI.html" />
      <file href="scormdriver/AICCComm.html" />
      <file href="scormdriver/auto-scripts/AutoBookmark.js" />
      <file href="scormdriver/auto-scripts/AutoCompleteSCO.js" />
      <file href="scormdriver/auto-scripts/CourseExit.js" />
      <file href="scormdriver/blank.html" />
      <file href="scormdriver/goodbye.html" />
      <file href="scormdriver/scormdriver.js" />
      <file href="scormdriver/browsersniff.js" />

      <!-- RUNTIME COMMON STUFF -->
      <file href="scormcontent/index.html" />
      <file href="scormcontent/lib/main.bundle.js"/>

      
        <file href="scormcontent/lib/fonts/icomoon.ttf"/>
        <file href="scormcontent/lib/fonts/icomoon.woff"/>

        <file href="scormcontent/lib/icomoon.css"/>
        <file href="scormcontent/lib/main.bundle.css"/>
        <file href="scormcontent/lib/player-0.0.11.min.js"/>
        <file href="scormcontent/lib/lzwcompress.js"/>
      

      <!-- RUNTIME CONTENT STUFF -->
      <file href="scormcontent/lib/fonts/Lato-Light.woff" />
<file href="scormcontent/lib/fonts/Lato-Regular.woff" />
<file href="scormcontent/lib/fonts/Lato-Bold.woff" />
<file href="scormcontent/lib/fonts/Lato-Italic.woff" />
<file href="scormcontent/lib/fonts/Lato-Black.woff" />
<file href="scormcontent/lib/fonts/n5b1zQH5dNztK1mU-arial.woff" />
<file href="scormcontent/lib/fonts/6aux3ogKO4oaWerm-arialbd.woff" />
<file href="scormcontent/lib/fonts/xVcJpme4umQVm6vn-ariali.woff" />
<file href="scormcontent/assets/kZTS0n4uzqwsX9F__small.png" />
<file href="scormcontent/assets/J6b8tbL9yTR7wyf6_3-NDkVbgXYhP-3nN.png" />
<file href="scormcontent/assets/L4Ww2hXhehIBUZcD_rGtV-39xIW4yndq7.jpg" />
<file href="scormcontent/assets/TO2ONmRu4tStsQK0_9x-FpmsVvrhJc2Cn-support-20-services-20-handout.pdf" />
<file href="scormcontent/assets/2U6gW5f8c9-GBXV8_dwmXD4BSpAJZ2iQT.jpg" />
<file href="scormcontent/assets/d5nbC_SewGrfDeGB_14KTaPtmltmRK3R4.png" />
<file href="scormcontent/assets/JdyqA35MEZ3RMS_g_mountains.jpg" />
<file href="scormcontent/assets/v_0KmtkK9ae1JSpa_fTfNN7AKUZ2Pf4n0.png" />
<file href="scormcontent/assets/s5KRBykIs50ApMrb_EY5nAby5uTWJQ5fl.jpg" />
<file href="scormcontent/assets/ksYuCGX5IiICNlGP_xGtR3lcQoyqYdzWO.jpg" />
<file href="scormcontent/assets/571gxFVF5m-GKotG_quote_background.jpg" />
<file href="scormcontent/assets/o7roFLQ6p9-vBbvG_yZVE46AIUNyWRD4C.jpg" />
<file href="scormcontent/assets/VZNm-rGnaEDVDVsL_kYDWtPVf0p54bFf0.jpg" />
<file href="scormcontent/assets/8Kq8NhkkSEWRav51_05JXs_IEdYND1QV4.jpg" />
<file href="scormcontent/assets/6mU6hAYyC9WkqP-A_EXYLOHqvbyaT5P9G.jpg" />
<file href="scormcontent/assets/A2MspyqSUFujLxlY_RwBTI6ElF3qUk8iC.png" />
<file href="scormcontent/assets/LWXim7fEAs4uimlk_3a9utVJ1CWjTvFER.jpg" />
<file href="scormcontent/assets/_QQP8L9fWGUyMlNf_n0rtyZseJ7B0MR3U.png" />
<file href="scormcontent/assets/l8B3LBBvr-8P3dZB_0AgI1gOrh0BWudFg.png" />
<file href="scormcontent/assets/CSLk4BUZRlFjPh1B_y5sVO3YI14gG3rKq.png" />
<file href="scormcontent/assets/J9XPxlAVk4e1S0GI_15FpyLO8Zs3d8Cqo.png" />
<file href="scormcontent/assets/cnKpFYku-7P5aTZA_-sXibfNHZ23M__O2.png" />
<file href="scormcontent/assets/7hga69IOSesh_d5H_yJVrCECCu-e-dpiW.png" />
<file href="scormcontent/assets/FB02xLCLoSdDVOUz_f-T1dx0yApkiBgvP.png" />
<file href="scormcontent/assets/soAnUiE_GwW8yZPB_iY3xd-KwHLbgb_lA.png" />
<file href="scormcontent/assets/mhOaXvhXaalgjNRI_EqYGbbDQY9F0lHgk.png" />
<file href="scormcontent/assets/xEpP1b7ypTK3L_UD_obgmfY_sgz5ma4lq.png" />
<file href="scormcontent/assets/KBYghhaFjcv49Suz_ha91W2tfUZKatrks.jpg" />
<file href="scormcontent/assets/Z-T4auGToma7bbSx_fe7VuWgv2F9YVqHs.jpg" />
<file href="scormcontent/assets/DN0k-crOJMj9SgIW_mrDId63q7ZT9OA0X.jpg" />
<file href="scormcontent/assets/lbNHIdu5hjwOKTbR_Cgc3OyxcWtoDObgL.jpg" />
<file href="scormcontent/assets/FTZZ9yghmeerqzFN_MWYnxV97SBgTC_TR.jpg" />
<file href="scormcontent/assets/SRYfiUlwIzD185me_oirXjOBd0pftrj0a.jpg" />
<file href="scormcontent/assets/qVQkua70yMJXPXm5_jvlpvOisymLh27Ek.png" />
<file href="scormcontent/assets/Fec96tKcgOJPLM3h_BNAZBk513hZ3_uWc.png" />
<file href="scormcontent/assets/7B9bUwvXFYokweZS_M0gRgf1lg_IC9YkU.png" />
<file href="scormcontent/assets/yI9_pPMWX8NCnXDi_SAyroXawDN-ogOXW.png" />
<file href="scormcontent/assets/x6kJy6outJ_rUEDu_CDlpAo_gBaNwn-cn.png" />
<file href="scormcontent/assets/6dK34qeF5hF1oqZV_dNARFgdabscmMIUp.png" />
<file href="scormcontent/assets/skN6DMOkKX4LdNDL_ejkv-NSNgRYhvfsS-self-20-care-20-strategy-20-guide.pdf" />
<file href="scormcontent/assets/s5ywOPoMY-ovXaFm_he3PegSc_i9Rzua2.jpg" />
<file href="scormcontent/assets/K9QEOS_1lYLbXCeY_ST3D5XB3hMTl9yAI.jpg" />
<file href="scormcontent/assets/Hem3eHZlCNEKt1V4_ZuaJUdOUfy8iC4wM.jpg" />
<file href="scormcontent/assets/UbXgx41suFbjX-qr_zdsmBY3nGDA_qQB3.jpg" />
<file href="scormcontent/assets/y35MaY4h-_ZE1KX8_qwmAmspRS8nbOP8U.jpg" />
<file href="scormcontent/assets/Zo0HmbAUxmbpoXAV_aBqa8v1zCk6QKVcw.jpg" />
<file href="scormcontent/assets/q8UwIDorAMJQKPvi_9oN_rgbYWJE7C7-S.jpg" />
<file href="scormcontent/assets/J9hWCXFMHCoYvTAG_G0ycvrQ1qnCNRA4k.jpg" />
<file href="scormcontent/assets/xwVexcfm2D2_4njY_7j6e5MPYV0mj6c8z.png" />
<file href="scormcontent/assets/qrnKci_mf8Gu7ffY_V4H5TWlNOhwilz_e.png" />
<file href="scormcontent/assets/0rXZhDfo11bbroVT_6eolETdSwPyCZMvs.png" />
<file href="scormcontent/assets/VOsNm5zs6HZ5ZdO0_1jUkyYn-REd3vuOb.png" />
<file href="scormcontent/assets/Yu1MZElmk2iukPTV_OTMDBk4EUR6yf-z_.png" />
<file href="scormcontent/assets/fvEPwCvdiRYWMYpJ_sghPxr4gjsqq7Rm6.png" />
<file href="scormcontent/assets/iZAPORy6AzKDZyIX_wY2Q94eEbwzRSN8i.png" />
<file href="scormcontent/assets/4sNt3iSzkj5B1cP6_ujNdVkmOwBuvx_Si.png" />
<file href="scormcontent/assets/47lJYu06Hwls79EI_SPgqszQtMHN1I5_e.jpg" />
<file href="scormcontent/assets/6ES9UbrZlvPqhQp5_JVwYjwkrmI82HXvz.jpg" />
<file href="scormcontent/assets/8_q0FMaLuURwPoNo_YILzhSUzYndxzlId.jpg" />
<file href="scormcontent/assets/urN966j90WOxigfh_8d8yFtSPqDBNgqVh.jpg" />
<file href="scormcontent/assets/US0rfRpJdP4nIoq__e8BdnWVUSJ819ScI.png" />

    </resource>
  </resources>
</manifest>
