<?xml version="1.0" ?>
<manifest identifier="9staP2KzWfw8YA1MesM9Ofoou0M6Smko7A74p0dv" version="1"
  xmlns="http://www.imsproject.org/xsd/imscp_rootv1p1p2"
  xmlns:adlcp="http://www.adlnet.org/xsd/adlcp_rootv1p2"
  xmlns:xsi="http://www.w3.org/2001/XMLSchema-instance"
  xsi:schemaLocation="http://www.imsproject.org/xsd/imscp_rootv1p1p2 imscp_rootv1p1p2.xsd
                      http://www.imsglobal.org/xsd/imsmd_rootv1p2p1 imsmd_rootv1p2p1.xsd
                      http://www.adlnet.org/xsd/adlcp_rootv1p2 adlcp_rootv1p2.xsd">
  <metadata>
    <schema>ADL SCORM</schema>
    <schemaversion>1.2</schemaversion>
    <adlcp:location>metadata.xml</adlcp:location>
  </metadata>
  <organizations default="articulate_rise">
      <organization identifier="articulate_rise">
      <title>Short Course 4 – Building stakeholder support for gender equity work</title>
      <item identifier="i1" identifierref="r1" isvisible="true">
        <title>Short Course 4 – Building stakeholder support for gender equity work</title>
      </item>
    </organization>
  </organizations>
  <resources>
    <resource identifier="r1" type="webcontent" adlcp:scormtype="sco" href="scormdriver/indexAPI.html">
      <!-- SCORMDRIVER STUFF -->
      <file href="scormdriver/indexAPI.html" />
      <file href="scormdriver/AICCComm.html" />
      <file href="scormdriver/auto-scripts/AutoBookmark.js" />
      <file href="scormdriver/auto-scripts/AutoCompleteSCO.js" />
      <file href="scormdriver/auto-scripts/CourseExit.js" />
      <file href="scormdriver/blank.html" />
      <file href="scormdriver/goodbye.html" />
      <file href="scormdriver/scormdriver.js" />
      <file href="scormdriver/browsersniff.js" />

      <!-- RUNTIME COMMON STUFF -->
      <file href="scormcontent/index.html" />
      <file href="scormcontent/lib/main.bundle.js"/>

      
        <file href="scormcontent/lib/fonts/icomoon.ttf"/>
        <file href="scormcontent/lib/fonts/icomoon.woff"/>

        <file href="scormcontent/lib/icomoon.css"/>
        <file href="scormcontent/lib/main.bundle.css"/>
        <file href="scormcontent/lib/player-0.0.11.min.js"/>
        <file href="scormcontent/lib/lzwcompress.js"/>
      

      <!-- RUNTIME CONTENT STUFF -->
      <file href="scormcontent/lib/fonts/Lato-Light.woff" />
<file href="scormcontent/lib/fonts/Lato-Regular.woff" />
<file href="scormcontent/lib/fonts/Lato-Bold.woff" />
<file href="scormcontent/lib/fonts/Lato-Italic.woff" />
<file href="scormcontent/lib/fonts/Lato-Black.woff" />
<file href="scormcontent/lib/fonts/n5b1zQH5dNztK1mU-arial.woff" />
<file href="scormcontent/lib/fonts/6aux3ogKO4oaWerm-arialbd.woff" />
<file href="scormcontent/lib/fonts/xVcJpme4umQVm6vn-ariali.woff" />
<file href="scormcontent/assets/jhfQ7h3the53r1vZ_small.png" />
<file href="scormcontent/assets/1emgh6fbEa92ZwfY_3-NDkVbgXYhP-3nN.png" />
<file href="scormcontent/assets/5wlarp34B_UtpZDh_GzNSGl-VIMvKPEcY.jpg" />
<file href="scormcontent/assets/0WMdTmkuo4yQanK0_VbvImvKRYWqPfB_n-support-20-services-20-handout.pdf" />
<file href="scormcontent/assets/XK939WTIgjvHnZxe_7qVmNq0q86wBadJf.jpg" />
<file href="scormcontent/assets/GJtbCcKXPya6Na99_bDffJ1dejxkWihx4.jpg" />
<file href="scormcontent/assets/Cdzyhz16GSPTwrvf_mountains.jpg" />
<file href="scormcontent/assets/yqtarrK4yvft4_HC_0EsjQxuGCe6LymlH.jpg" />
<file href="scormcontent/assets/olzf6dJH6NcUmTp8_2vGXSdgKXAh-PBvi.jpg" />
<file href="scormcontent/assets/WUhNtaBim_QPLfY6_73BKCqI0kqyNFH2O.png" />
<file href="scormcontent/assets/KA62N3GDJNzrd46g_16zSy12A4IzGdZGI.png" />
<file href="scormcontent/assets/mc61slwo9x7TECBr_Rt0SdzJtVOT5EvNv.jpg" />
<file href="scormcontent/assets/Tgw7priScTDIjsUQ_2a-_xdQT1HalLMCQ.png" />
<file href="scormcontent/assets/ptZnvvNEO3JuTBCm_kkSsgYilfU56u52d.png" />
<file href="scormcontent/assets/aq2bTiLcXnGY5Pl__rkS4-c7NuB_7yEMv.png" />
<file href="scormcontent/assets/3XAj1c_0RqULVPcq_6S-Umr3u7OUhb9Gv.jpg" />
<file href="scormcontent/assets/72gHXs3_QI4uRyKc_r-ea87UAflWpI5aE.png" />
<file href="scormcontent/assets/LhviiikEVWi-kXx2_DY_0bF9m4nS-V9mP.png" />
<file href="scormcontent/assets/yIQcboKE9Ujjrq8D_CObn8DXFpw_jpIpE.jpg" />
<file href="scormcontent/assets/AOoFTyryfuWcr3Ox_QsHZuNV1Upwxjymv.png" />
<file href="scormcontent/assets/U6mhkQpi84ZGf6dh_QQem-w4Ai4SkK6uo.jpg" />
<file href="scormcontent/assets/Wc83amoskgF8Ovtn_Z9OfpKiU9xaxUjFq.jpg" />
<file href="scormcontent/assets/dU5HmlbhEeQBGjFm_baK6mbOGTduimwA2.jpg" />
<file href="scormcontent/assets/1-7m5pzPpUaiRJ6o_JYGg37NH8rE6UmJr.jpg" />
<file href="scormcontent/assets/kRSCmsXj-pB-L7Am_87s7EJUkNWg1D2uD.png" />
<file href="scormcontent/assets/QKZ0A7Z0N4g03YFM_1MYRG2YmhvDLrC0_.jpg" />
<file href="scormcontent/assets/4QpW0HP6849tTaab_JG62PgB8sBFwQqLO.jpg" />
<file href="scormcontent/assets/SmIIQ8Cu5Brj0YXH_QD9qw1UT_h8Kwh_x.png" />
<file href="scormcontent/assets/vrqLGi0sm83CxAqI_I7aHhvSZjK4jIAfy.png" />
<file href="scormcontent/assets/Fp1Gl5q9WAvWB9Su_7oJ8XH6a9aFTjRJz.png" />
<file href="scormcontent/assets/XRE2JUzXHW1Tas0k_mbBwxLVB5fTH5oPG.png" />
<file href="scormcontent/assets/GaWxL3so8gRHDg_C_kapw4Z-kWqJCFYT2.jpg" />
<file href="scormcontent/assets/Z-I1FWgv0fQW2wCj_Psfg61iijOpRMp8d.png" />
<file href="scormcontent/assets/HlC7RNbQl5Pfa2ds_AZFCtdqAXKf-2-JJ.jpg" />
<file href="scormcontent/assets/IQYhUOZ37BO7pQA9_jvPRI2xKxQu6W2Yd.jpg" />
<file href="scormcontent/assets/dJtN9y040iS71L1D_jJ_br5qZfCyYkpfj.png" />
<file href="scormcontent/assets/dhl9kPdoyvqXg1md_0Qz15kkY6KSR7rVw.jpg" />
<file href="scormcontent/assets/KayjvQc0FncSbFBu_yaq2OgnxYRvTnGBn.jpg" />
<file href="scormcontent/assets/BduL9zmobrI9owZa_fE8BaQ67AO0eCXst.png" />
<file href="scormcontent/assets/WxYnUV3FWnlnakIA_eV7MUoeS98crni3p.jpg" />
<file href="scormcontent/assets/bestipeSeDY9-Eey_-Cjkm5ig6wK7Msni.jpg" />
<file href="scormcontent/assets/rGlXi-eFH4ww3JTw_DgHM2g9Wab2jGHL-.png" />
<file href="scormcontent/assets/xDwXXjf6VBwm-Rjn_Do6iGFnFD-fRCe__.png" />
<file href="scormcontent/assets/YMIAIqzdMHf925RJ__XNMw74_P5jnW0uo.png" />
<file href="scormcontent/assets/cnZXInBo8FdqmXTG_nJaveOAURQ1ZirIT.png" />
<file href="scormcontent/assets/9YqPHYeop3FQS1sI_MEfIUa2Rc7AGjfst.png" />
<file href="scormcontent/assets/X11K43h2QdRPp25p_0l1TExO7lyIq9xVS.png" />
<file href="scormcontent/assets/l0MKjD6jylpaeODF_Nd7QPczeCBHrmFb9.png" />
<file href="scormcontent/assets/GqJI3j2mkTmle2nx_jOT6wNPVQZ9Ezf2Q.jpg" />
<file href="scormcontent/assets/RD6YxHa2UEScp20t_VmZfhmFqVUCmNUCG.jpg" />
<file href="scormcontent/assets/hfUkHxgPiUTjChHV_B2zqeXMCtgim_9fT.jpg" />
<file href="scormcontent/assets/QTMjBkJW1XyyTBYU_FG2qV0vJMPnEwyVW-building-20-support-20-for-20-gender-20-equality-20-work.pdf" />
<file href="scormcontent/assets/fEJ3_hX0WCRdWw7v_e8BdnWVUSJ819ScI.png" />

    </resource>
  </resources>
</manifest>
