<?xml version="1.0" ?>
<manifest identifier="9staP2KzWfw8YA1MesM9Ofoou0M6Smko3nVzaYJd" version="1"
  xmlns="http://www.imsproject.org/xsd/imscp_rootv1p1p2"
  xmlns:adlcp="http://www.adlnet.org/xsd/adlcp_rootv1p2"
  xmlns:xsi="http://www.w3.org/2001/XMLSchema-instance"
  xsi:schemaLocation="http://www.imsproject.org/xsd/imscp_rootv1p1p2 imscp_rootv1p1p2.xsd
                      http://www.imsglobal.org/xsd/imsmd_rootv1p2p1 imsmd_rootv1p2p1.xsd
                      http://www.adlnet.org/xsd/adlcp_rootv1p2 adlcp_rootv1p2.xsd">
  <metadata>
    <schema>ADL SCORM</schema>
    <schemaversion>1.2</schemaversion>
    <adlcp:location>metadata.xml</adlcp:location>
  </metadata>
  <organizations default="articulate_rise">
      <organization identifier="articulate_rise">
      <title>Short Course 4 – Building stakeholder support for gender equity work</title>
      <item identifier="i1" identifierref="r1" isvisible="true">
        <title>Short Course 4 – Building stakeholder support for gender equity work</title>
      </item>
    </organization>
  </organizations>
  <resources>
    <resource identifier="r1" type="webcontent" adlcp:scormtype="sco" href="scormdriver/indexAPI.html">
      <!-- SCORMDRIVER STUFF -->
      <file href="scormdriver/indexAPI.html" />
      <file href="scormdriver/AICCComm.html" />
      <file href="scormdriver/auto-scripts/AutoBookmark.js" />
      <file href="scormdriver/auto-scripts/AutoCompleteSCO.js" />
      <file href="scormdriver/auto-scripts/CourseExit.js" />
      <file href="scormdriver/blank.html" />
      <file href="scormdriver/goodbye.html" />
      <file href="scormdriver/scormdriver.js" />
      <file href="scormdriver/browsersniff.js" />

      <!-- RUNTIME COMMON STUFF -->
      <file href="scormcontent/index.html" />
      <file href="scormcontent/lib/main.bundle.js"/>

      
        <file href="scormcontent/lib/fonts/icomoon.ttf"/>
        <file href="scormcontent/lib/fonts/icomoon.woff"/>

        <file href="scormcontent/lib/icomoon.css"/>
        <file href="scormcontent/lib/main.bundle.css"/>
        <file href="scormcontent/lib/player-0.0.11.min.js"/>
        <file href="scormcontent/lib/lzwcompress.js"/>
      

      <!-- RUNTIME CONTENT STUFF -->
      <file href="scormcontent/lib/fonts/Lato-Light.woff" />
<file href="scormcontent/lib/fonts/Lato-Regular.woff" />
<file href="scormcontent/lib/fonts/Lato-Bold.woff" />
<file href="scormcontent/lib/fonts/Lato-Italic.woff" />
<file href="scormcontent/lib/fonts/Lato-Black.woff" />
<file href="scormcontent/lib/fonts/n5b1zQH5dNztK1mU-arial.woff" />
<file href="scormcontent/lib/fonts/6aux3ogKO4oaWerm-arialbd.woff" />
<file href="scormcontent/lib/fonts/xVcJpme4umQVm6vn-ariali.woff" />
<file href="scormcontent/assets/qlklUBCGV5-zdwD2_small.png" />
<file href="scormcontent/assets/zEogK9aPQ7YAu2P__3-NDkVbgXYhP-3nN.png" />
<file href="scormcontent/assets/CCF-zwzKFtDi8rGa_GzNSGl-VIMvKPEcY.jpg" />
<file href="scormcontent/assets/5ngEQt5lcRgzJ9qr_5So9IWvSLBJ0hInV-support-20-services-20-handout.pdf" />
<file href="scormcontent/assets/SoGXDppUbrqp-MOc_7qVmNq0q86wBadJf.jpg" />
<file href="scormcontent/assets/RQpSGprBwT3qTizs_bDffJ1dejxkWihx4.jpg" />
<file href="scormcontent/assets/MFGQ_hnGP5Tp2DpY_mountains.jpg" />
<file href="scormcontent/assets/afuMMX-omOBiMSGa_0EsjQxuGCe6LymlH.jpg" />
<file href="scormcontent/assets/N3N_inr63s9y3U2__2vGXSdgKXAh-PBvi.jpg" />
<file href="scormcontent/assets/pfr6vG0NXJMRLCn1_73BKCqI0kqyNFH2O.png" />
<file href="scormcontent/assets/HYX4YimhdClzjiGc_16zSy12A4IzGdZGI.png" />
<file href="scormcontent/assets/iYO7g9JR7isEby2-_Rt0SdzJtVOT5EvNv.jpg" />
<file href="scormcontent/assets/BQn5bEJKAEomEYrY_2a-_xdQT1HalLMCQ.png" />
<file href="scormcontent/assets/bAA3J6RAGVgsfqAu_kkSsgYilfU56u52d.png" />
<file href="scormcontent/assets/IKXlu3d02n3ph_-H_rkS4-c7NuB_7yEMv.png" />
<file href="scormcontent/assets/LQXTC5n4YCwJWFBj_6S-Umr3u7OUhb9Gv.jpg" />
<file href="scormcontent/assets/Puv1vSek9WWHrqXq_r-ea87UAflWpI5aE.png" />
<file href="scormcontent/assets/IQuq_-m6Gk1ktqAm_DY_0bF9m4nS-V9mP.png" />
<file href="scormcontent/assets/ifVHD9oQgP8_Zmsg_CObn8DXFpw_jpIpE.jpg" />
<file href="scormcontent/assets/AR-GqRBoVuTO9p5B_QsHZuNV1Upwxjymv.png" />
<file href="scormcontent/assets/XFSjfZawgAiNJ-Xb_QQem-w4Ai4SkK6uo.jpg" />
<file href="scormcontent/assets/POuEyXm400XE_Nqx_Z9OfpKiU9xaxUjFq.jpg" />
<file href="scormcontent/assets/34X6So220s_BfiLp_baK6mbOGTduimwA2.jpg" />
<file href="scormcontent/assets/JITCA6-bFX_IhJ54_JYGg37NH8rE6UmJr.jpg" />
<file href="scormcontent/assets/2FRoLtU0BZKGjTVQ_87s7EJUkNWg1D2uD.png" />
<file href="scormcontent/assets/VYK5-bhjvx-s4lwU_1MYRG2YmhvDLrC0_.jpg" />
<file href="scormcontent/assets/eLnj3R5ZlAen8Z8t_JG62PgB8sBFwQqLO.jpg" />
<file href="scormcontent/assets/lX0x5RZ10T8FoPCU_QD9qw1UT_h8Kwh_x.png" />
<file href="scormcontent/assets/fttNhq20HqFgkN-3_I7aHhvSZjK4jIAfy.png" />
<file href="scormcontent/assets/BHaX4jUBGw4NJztr_7oJ8XH6a9aFTjRJz.png" />
<file href="scormcontent/assets/5bbKc0grieSY-wbD_mbBwxLVB5fTH5oPG.png" />
<file href="scormcontent/assets/9EiGdLI2lz0wfF3L_kapw4Z-kWqJCFYT2.jpg" />
<file href="scormcontent/assets/PWBV2AjphSMmP6PW_Psfg61iijOpRMp8d.png" />
<file href="scormcontent/assets/9C6-cjRD9j6ZjVyp_AZFCtdqAXKf-2-JJ.jpg" />
<file href="scormcontent/assets/MRMz1yEAVoyhOfxE_jvPRI2xKxQu6W2Yd.jpg" />
<file href="scormcontent/assets/clk3tjpoVX5vkqXp_jJ_br5qZfCyYkpfj.png" />
<file href="scormcontent/assets/-88Gw7Q2-TBx8doi_0Qz15kkY6KSR7rVw.jpg" />
<file href="scormcontent/assets/lzD49JXhmoFAUvy4_yaq2OgnxYRvTnGBn.jpg" />
<file href="scormcontent/assets/N3va5lCyb4LfwrtU_fE8BaQ67AO0eCXst.png" />
<file href="scormcontent/assets/W8CHoo7EpKtUsGZ5_eV7MUoeS98crni3p.jpg" />
<file href="scormcontent/assets/jdv6wwlNPD1nnEkH_-Cjkm5ig6wK7Msni.jpg" />
<file href="scormcontent/assets/2EtIaykFdqk1349i_DgHM2g9Wab2jGHL-.png" />
<file href="scormcontent/assets/Y2_mP3jGEL2bGfTX_Do6iGFnFD-fRCe__.png" />
<file href="scormcontent/assets/B3fAeZVvhh1lus1B__XNMw74_P5jnW0uo.png" />
<file href="scormcontent/assets/tgXpfFctfSGPQBU3_nJaveOAURQ1ZirIT.png" />
<file href="scormcontent/assets/An7Logz6x7Fn6dhQ_MEfIUa2Rc7AGjfst.png" />
<file href="scormcontent/assets/YAyEIOJGu6-EQPnd_0l1TExO7lyIq9xVS.png" />
<file href="scormcontent/assets/z6yt_iTY5JIETSHG_Nd7QPczeCBHrmFb9.png" />
<file href="scormcontent/assets/B59IWI6KbuAn9YXV_jOT6wNPVQZ9Ezf2Q.jpg" />
<file href="scormcontent/assets/gmmzmvqq5DSc1g8T_VmZfhmFqVUCmNUCG.jpg" />
<file href="scormcontent/assets/sAzxfGudX-5h4u3h_B2zqeXMCtgim_9fT.jpg" />
<file href="scormcontent/assets/kqzJ36txz1Lht9QM_j8MfK3in8S9zCbAq-building-20-support-20-for-20-gender-20-equality-20-work.docx" />
<file href="scormcontent/assets/SxgTmS1aur2RNB93_e8BdnWVUSJ819ScI.png" />

    </resource>
  </resources>
</manifest>
