<?xml version="1.0" ?>
<manifest identifier="9staP2KzWfw8YA1MesM9Ofoou0M6SmkoO5lALYsI" version="1"
  xmlns="http://www.imsproject.org/xsd/imscp_rootv1p1p2"
  xmlns:adlcp="http://www.adlnet.org/xsd/adlcp_rootv1p2"
  xmlns:xsi="http://www.w3.org/2001/XMLSchema-instance"
  xsi:schemaLocation="http://www.imsproject.org/xsd/imscp_rootv1p1p2 imscp_rootv1p1p2.xsd
                      http://www.imsglobal.org/xsd/imsmd_rootv1p2p1 imsmd_rootv1p2p1.xsd
                      http://www.adlnet.org/xsd/adlcp_rootv1p2 adlcp_rootv1p2.xsd">
  <metadata>
    <schema>ADL SCORM</schema>
    <schemaversion>1.2</schemaversion>
    <adlcp:location>metadata.xml</adlcp:location>
  </metadata>
  <organizations default="articulate_rise">
      <organization identifier="articulate_rise">
      <title>Short Course 4 – Building stakeholder support for gender equity work</title>
      <item identifier="i1" identifierref="r1" isvisible="true">
        <title>Short Course 4 – Building stakeholder support for gender equity work</title>
      </item>
    </organization>
  </organizations>
  <resources>
    <resource identifier="r1" type="webcontent" adlcp:scormtype="sco" href="scormdriver/indexAPI.html">
      <!-- SCORMDRIVER STUFF -->
      <file href="scormdriver/indexAPI.html" />
      <file href="scormdriver/AICCComm.html" />
      <file href="scormdriver/auto-scripts/AutoBookmark.js" />
      <file href="scormdriver/auto-scripts/AutoCompleteSCO.js" />
      <file href="scormdriver/auto-scripts/CourseExit.js" />
      <file href="scormdriver/blank.html" />
      <file href="scormdriver/goodbye.html" />
      <file href="scormdriver/scormdriver.js" />
      <file href="scormdriver/browsersniff.js" />

      <!-- RUNTIME COMMON STUFF -->
      <file href="scormcontent/index.html" />
      <file href="scormcontent/lib/main.bundle.js"/>

      
        <file href="scormcontent/lib/fonts/icomoon.ttf"/>
        <file href="scormcontent/lib/fonts/icomoon.woff"/>

        <file href="scormcontent/lib/icomoon.css"/>
        <file href="scormcontent/lib/main.bundle.css"/>
        <file href="scormcontent/lib/player-0.0.11.min.js"/>
        <file href="scormcontent/lib/lzwcompress.js"/>
      

      <!-- RUNTIME CONTENT STUFF -->
      <file href="scormcontent/lib/fonts/Lato-Light.woff" />
<file href="scormcontent/lib/fonts/Lato-Regular.woff" />
<file href="scormcontent/lib/fonts/Lato-Bold.woff" />
<file href="scormcontent/lib/fonts/Lato-Italic.woff" />
<file href="scormcontent/lib/fonts/Lato-Black.woff" />
<file href="scormcontent/lib/fonts/n5b1zQH5dNztK1mU-arial.woff" />
<file href="scormcontent/lib/fonts/6aux3ogKO4oaWerm-arialbd.woff" />
<file href="scormcontent/lib/fonts/xVcJpme4umQVm6vn-ariali.woff" />
<file href="scormcontent/assets/3wUajNXdsoNEQRTs_small.png" />
<file href="scormcontent/assets/ZxkwQImAjyIyhFhT_3-NDkVbgXYhP-3nN.png" />
<file href="scormcontent/assets/G2U30ibL9FHWRhOF_GzNSGl-VIMvKPEcY.jpg" />
<file href="scormcontent/assets/fEEpRrRRd0jOUFQq_5So9IWvSLBJ0hInV-support-20-services-20-handout.pdf" />
<file href="scormcontent/assets/aX-uTHMfRuGeaz06_7qVmNq0q86wBadJf.jpg" />
<file href="scormcontent/assets/uoij9-qbytjQYsHx_bDffJ1dejxkWihx4.jpg" />
<file href="scormcontent/assets/Q_9sYl7d6Lj4nxs8_mountains.jpg" />
<file href="scormcontent/assets/XXq1NkoXjiAUruZr_0EsjQxuGCe6LymlH.jpg" />
<file href="scormcontent/assets/T6YWEoKYKe2wOUna_2vGXSdgKXAh-PBvi.jpg" />
<file href="scormcontent/assets/cQM5H0lLF-WFSZmN_73BKCqI0kqyNFH2O.png" />
<file href="scormcontent/assets/9u1K0VrNO17z0LpK_16zSy12A4IzGdZGI.png" />
<file href="scormcontent/assets/WPIS8vched1gWmqq_Rt0SdzJtVOT5EvNv.jpg" />
<file href="scormcontent/assets/245GP7qZLoHsoDrW_2a-_xdQT1HalLMCQ.png" />
<file href="scormcontent/assets/wTxo43PB3g4R-bC5_kkSsgYilfU56u52d.png" />
<file href="scormcontent/assets/24Oyl9wtIe3YRI4q_rkS4-c7NuB_7yEMv.png" />
<file href="scormcontent/assets/YMk4wBhixTQDTfDD_6S-Umr3u7OUhb9Gv.jpg" />
<file href="scormcontent/assets/A1SwqDLWGKaxJfKp_r-ea87UAflWpI5aE.png" />
<file href="scormcontent/assets/J3EAufpAnVfBCgyb_DY_0bF9m4nS-V9mP.png" />
<file href="scormcontent/assets/SvUBZlE8CyOB6MpB_CObn8DXFpw_jpIpE.jpg" />
<file href="scormcontent/assets/V4F6CRAZdCCc0dNV_QsHZuNV1Upwxjymv.png" />
<file href="scormcontent/assets/AR8-wenqQnf0-XQ1_QQem-w4Ai4SkK6uo.jpg" />
<file href="scormcontent/assets/GbwRFrYBAkIyS0Ia_Z9OfpKiU9xaxUjFq.jpg" />
<file href="scormcontent/assets/5Mcf5GsCpDGM0Alm_baK6mbOGTduimwA2.jpg" />
<file href="scormcontent/assets/rWGeorgZz7hKTnWb_JYGg37NH8rE6UmJr.jpg" />
<file href="scormcontent/assets/_ZUvpW9cK6YYR1gi_87s7EJUkNWg1D2uD.png" />
<file href="scormcontent/assets/jfBfKlgA8QX42G2w_1MYRG2YmhvDLrC0_.jpg" />
<file href="scormcontent/assets/HCON8Tpuk2Wz_IuA_JG62PgB8sBFwQqLO.jpg" />
<file href="scormcontent/assets/p5Y3T4VIdP-EfpAn_QD9qw1UT_h8Kwh_x.png" />
<file href="scormcontent/assets/__gg8C2Khch0BnrT_I7aHhvSZjK4jIAfy.png" />
<file href="scormcontent/assets/MlFT-FDvfXdE-zdj_7oJ8XH6a9aFTjRJz.png" />
<file href="scormcontent/assets/CqUqBdhdxGXRcpYI_mbBwxLVB5fTH5oPG.png" />
<file href="scormcontent/assets/x0KqhZPB720_CyEH_kapw4Z-kWqJCFYT2.jpg" />
<file href="scormcontent/assets/EdJx_NSxKqdh-qc3_Psfg61iijOpRMp8d.png" />
<file href="scormcontent/assets/pVlrM-gi50TT55Cg_AZFCtdqAXKf-2-JJ.jpg" />
<file href="scormcontent/assets/ELZfhKc0RW46rh3H_jvPRI2xKxQu6W2Yd.jpg" />
<file href="scormcontent/assets/R3WyN4UvEEP9Vx_w_jJ_br5qZfCyYkpfj.png" />
<file href="scormcontent/assets/6fcPFavFJmRGkFAW_0Qz15kkY6KSR7rVw.jpg" />
<file href="scormcontent/assets/iplHHfX9MYONE68H_yaq2OgnxYRvTnGBn.jpg" />
<file href="scormcontent/assets/d_xhDDfTBB3fyEg3_fE8BaQ67AO0eCXst.png" />
<file href="scormcontent/assets/crNckLt5xkrE9Bn7_eV7MUoeS98crni3p.jpg" />
<file href="scormcontent/assets/J0E1ln2soKgrZzAN_-Cjkm5ig6wK7Msni.jpg" />
<file href="scormcontent/assets/Km72zXSh-HKvuJQk_DgHM2g9Wab2jGHL-.png" />
<file href="scormcontent/assets/tskXyJmEda5_8Pip_Do6iGFnFD-fRCe__.png" />
<file href="scormcontent/assets/FT0UJHN3nvFteBRH__XNMw74_P5jnW0uo.png" />
<file href="scormcontent/assets/sH3SR7Jhzyk-9553_nJaveOAURQ1ZirIT.png" />
<file href="scormcontent/assets/pj8YDg_tb1SrasQ8_MEfIUa2Rc7AGjfst.png" />
<file href="scormcontent/assets/oGUMQKzVzwZ0sW13_0l1TExO7lyIq9xVS.png" />
<file href="scormcontent/assets/5OzRs7-19aQ4Riar_Nd7QPczeCBHrmFb9.png" />
<file href="scormcontent/assets/VCTl4O7RwyyUrmtn_jOT6wNPVQZ9Ezf2Q.jpg" />
<file href="scormcontent/assets/DZVkHqjB7lWEpNId_VmZfhmFqVUCmNUCG.jpg" />
<file href="scormcontent/assets/Atvk__sVEnzcNexa_B2zqeXMCtgim_9fT.jpg" />
<file href="scormcontent/assets/fn22TxBKEBA2RwTh_FG2qV0vJMPnEwyVW-building-20-support-20-for-20-gender-20-equality-20-work.pdf" />
<file href="scormcontent/assets/-_TSEfcsesB7MfvL_e8BdnWVUSJ819ScI.png" />

    </resource>
  </resources>
</manifest>
