<?xml version="1.0" ?>
<manifest identifier="VldXxYJ4xtYwFXLgLAtXuvi7Y5U5Hm7om2wwW1qA" version="1"
  xmlns="http://www.imsproject.org/xsd/imscp_rootv1p1p2"
  xmlns:adlcp="http://www.adlnet.org/xsd/adlcp_rootv1p2"
  xmlns:xsi="http://www.w3.org/2001/XMLSchema-instance"
  xsi:schemaLocation="http://www.imsproject.org/xsd/imscp_rootv1p1p2 imscp_rootv1p1p2.xsd
                      http://www.imsglobal.org/xsd/imsmd_rootv1p2p1 imsmd_rootv1p2p1.xsd
                      http://www.adlnet.org/xsd/adlcp_rootv1p2 adlcp_rootv1p2.xsd">
  <metadata>
    <schema>ADL SCORM</schema>
    <schemaversion>1.2</schemaversion>
    <adlcp:location>metadata.xml</adlcp:location>
  </metadata>
  <organizations default="articulate_rise">
      <organization identifier="articulate_rise">
      <title>Short Course 6 – Gender and disability</title>
      <item identifier="i1" identifierref="r1" isvisible="true">
        <title>Short Course 6 – Gender and disability</title>
      </item>
    </organization>
  </organizations>
  <resources>
    <resource identifier="r1" type="webcontent" adlcp:scormtype="sco" href="scormdriver/indexAPI.html">
      <!-- SCORMDRIVER STUFF -->
      <file href="scormdriver/indexAPI.html" />
      <file href="scormdriver/AICCComm.html" />
      <file href="scormdriver/auto-scripts/AutoBookmark.js" />
      <file href="scormdriver/auto-scripts/AutoCompleteSCO.js" />
      <file href="scormdriver/auto-scripts/CourseExit.js" />
      <file href="scormdriver/blank.html" />
      <file href="scormdriver/goodbye.html" />
      <file href="scormdriver/scormdriver.js" />
      <file href="scormdriver/browsersniff.js" />

      <!-- RUNTIME COMMON STUFF -->
      <file href="scormcontent/index.html" />
      <file href="scormcontent/lib/main.bundle.js"/>

      
        <file href="scormcontent/lib/fonts/icomoon.ttf"/>
        <file href="scormcontent/lib/fonts/icomoon.woff"/>

        <file href="scormcontent/lib/icomoon.css"/>
        <file href="scormcontent/lib/main.bundle.css"/>
        <file href="scormcontent/lib/player-0.0.11.min.js"/>
        <file href="scormcontent/lib/lzwcompress.js"/>
      

      <!-- RUNTIME CONTENT STUFF -->
      <file href="scormcontent/lib/fonts/Lato-Light.woff" />
<file href="scormcontent/lib/fonts/Lato-Regular.woff" />
<file href="scormcontent/lib/fonts/Lato-Bold.woff" />
<file href="scormcontent/lib/fonts/Lato-Italic.woff" />
<file href="scormcontent/lib/fonts/Lato-Black.woff" />
<file href="scormcontent/lib/fonts/n5b1zQH5dNztK1mU-arial.woff" />
<file href="scormcontent/lib/fonts/6aux3ogKO4oaWerm-arialbd.woff" />
<file href="scormcontent/lib/fonts/xVcJpme4umQVm6vn-ariali.woff" />
<file href="scormcontent/assets/ugmJ450YZ932h3jB_small.png" />
<file href="scormcontent/assets/gNYQPFlzYvAXajU7_3-NDkVbgXYhP-3nN.png" />
<file href="scormcontent/assets/JhOnxhKicvBD9Y_i_uj8pCg8phdZxHFRl.jpg" />
<file href="scormcontent/assets/Lnct4e3E5gUCcjmE_zFFJHl61hVSYTTdR-support-20-services-20-handout.pdf" />
<file href="scormcontent/assets/kw8zuEjQXtiF4Qr-_v9SKgX0gJ28IbJE4.jpg" />
<file href="scormcontent/assets/LTG3HFFNJBZjeZZD_1PePgHFWjp0-mJrN.jpg" />
<file href="scormcontent/assets/sNArquLXktXNWFfg_mountains.jpg" />
<file href="scormcontent/assets/NQlTt5fziF0qWjA7_KyOUrJLiN9Y0LWuV.jpg" />
<file href="scormcontent/assets/AOH35XBU6hS4Icoe_j7ANfvPn9h6SCsmb.jpg" />
<file href="scormcontent/assets/JNqLdOAIQt8ljFWu_vf_QmjKpQ4r0UdPA.png" />
<file href="scormcontent/assets/SU0sEFRet2FDFebQ_r1Ob3T7L3h-V2oCg.png" />
<file href="scormcontent/assets/PerBwT5NPk8k2IsJ_zJAVV4aPy9kHx4AX.jpg" />
<file href="scormcontent/assets/mPU5Ghdh1YWv1kiU_JPtGuvJXj4fAu_ko.jpg" />
<file href="scormcontent/assets/kTrAsMCC4rhzWgsr_DiRtko5CLUsv4Z6j.jpg" />
<file href="scormcontent/assets/jKkEnuA8nZb5xhqr_hxBWdJeSgmEkBtrc.png" />
<file href="scormcontent/assets/YKBwwdofy0IuGFkI_r9e5ncAfY-7lMWIQ.jpg" />
<file href="scormcontent/assets/i3lmZq5qVAAix2uo_Srr7l3chR42w2Rja.jpg" />
<file href="scormcontent/assets/JJNkcHRH4hgMrwim_HPSZHhLccNUfU_yx.jpg" />
<file href="scormcontent/assets/MdxXRi_l1XVTIjnE_0Pe0zBCa5pz9-5hr.jpg" />
<file href="scormcontent/assets/huIw0ConJej_gamg_3FT-WgiL3fDQJhnh.jpg" />
<file href="scormcontent/assets/6q45xGlM_q3EyJ0X_d7_mu-QAFUv1EN0-.jpg" />
<file href="scormcontent/assets/Zz3XMVqyTg0EFcKj_Dp5uiGVPwYwWZ8La.png" />
<file href="scormcontent/assets/KwMlx66cOuChAhfQ_tdN-u9WQIXX9sgr-.png" />
<file href="scormcontent/assets/XJnAoY7OC23IQzB3_6Vbg4p3NcsUtC17-.png" />
<file href="scormcontent/assets/8te4MUK-uWWOCXoJ_2ilnQZyDufaEalbX.png" />
<file href="scormcontent/assets/gxBidfcIj0uK-dqS_AfuKw5pN6C3xkfLK.png" />
<file href="scormcontent/assets/T8SlWYjUTVSJEZO2_MQgbgxiRPRKoW-PH.png" />
<file href="scormcontent/assets/i25lY-W2_K942hpO_cafe.jpg" />
<file href="scormcontent/assets/S9Jw4sjHU-UvLN_t_record.jpg" />
<file href="scormcontent/assets/6gP4K4ZApfJ76WXl_tracks.jpg" />
<file href="scormcontent/assets/HOTPaMvMElwnRdxR_i5Cx2h74pqrEhs5K.png" />
<file href="scormcontent/assets/gn3mnFijsKGqixQF_mo4itK5V0fu5DaQ1.png" />
<file href="scormcontent/assets/fBw2J2_2InKspwYH_L3EbBUFXTDKvmqQc.png" />
<file href="scormcontent/assets/H6_K7HJq1jxpuJ3-_RMz7foGYGjO7aK4U.png" />
<file href="scormcontent/assets/tQ4OrHHFdObfPuz5_-E0FUpYt5BuLGH2u.png" />
<file href="scormcontent/assets/1zPvJU0bgGcICtCj_djMT5PE-21GZqMUU.png" />
<file href="scormcontent/assets/Xe6WczfzItVH_vUv_3vuTmlN3QJ7j_nv-.png" />
<file href="scormcontent/assets/t9jB_CtJUCXCen1Z_GsUcqRNqEyKVE6PU.png" />
<file href="scormcontent/assets/KN70JHv-B-ZN2izu_9zpsVdezVAWt1KbI.png" />
<file href="scormcontent/assets/SLTnrz-jbL8VXlbY_Q7qo_scb9QiMaVCU.png" />
<file href="scormcontent/assets/ZAzVZ35y30M-HeHv_sMGdlFspJSwi4LRO.png" />
<file href="scormcontent/assets/3KBoQKtkLr98wCGV_S4G7MfOkrDkanSHh-the-20-impact-20-of-20-gender-20-and-20-disability-20-inequality.pdf" />
<file href="scormcontent/assets/JK4P5Fk2F_6k3I0f_K8VR34f707hvO-j_.jpg" />
<file href="scormcontent/assets/rd9USe93Djp9A1sn_uLAQO-OgsZBkfDEV.jpg" />
<file href="scormcontent/assets/LPQJDUYpzwh3_Rrh_O69wuOZUzgxBORR7.png" />
<file href="scormcontent/assets/um7pI1wWLCpR3qZB_pUUY3tpb7mT93Y2h.jpg" />
<file href="scormcontent/assets/pZ_5EKU-IL-nKa-M_3YCDHFwfS07QWaR7.png" />
<file href="scormcontent/assets/t1pqv5HiBkEvupca_4n6kw7x3lGbUZpXa.jpg" />
<file href="scormcontent/assets/FRcAvJ7cZ3m3s0sm_GEm-BIotDMapKZrv.png" />
<file href="scormcontent/assets/YY3qFW2cVdFnAGL-_MJeh6On_mIUsdzM1.png" />
<file href="scormcontent/assets/wn3r9Z3ahEA1jAYW_I6jWZ-MRqVN-FIFj.jpg" />
<file href="scormcontent/assets/w4b7iOqWnIyK3X3Q_JFaw5YNup5wkE4Xz.png" />
<file href="scormcontent/assets/0TpUDdt0pFXSLLAH_uSTScR6GQdsn4v1P-ideas-20-for-20-taking-20-action-20-on-20-gender-20-and-20-disability-20-equity-20-handout.pdf" />
<file href="scormcontent/assets/yQ9TbsIDS4APjow1_PuOTREht3fztbt0O-transcript-20-20-prevention-20-ad.doc" />
<file href="scormcontent/assets/OMy9McG_6P9x0qft_e8BdnWVUSJ819ScI.png" />

    </resource>
  </resources>
</manifest>
