<?xml version="1.0" ?>
<manifest identifier="MfHrFVypgg4u4AQ4MODnvl4pxGwTldLhNpIpAydV" version="1"
  xmlns="http://www.imsproject.org/xsd/imscp_rootv1p1p2"
  xmlns:adlcp="http://www.adlnet.org/xsd/adlcp_rootv1p2"
  xmlns:xsi="http://www.w3.org/2001/XMLSchema-instance"
  xsi:schemaLocation="http://www.imsproject.org/xsd/imscp_rootv1p1p2 imscp_rootv1p1p2.xsd
                      http://www.imsglobal.org/xsd/imsmd_rootv1p2p1 imsmd_rootv1p2p1.xsd
                      http://www.adlnet.org/xsd/adlcp_rootv1p2 adlcp_rootv1p2.xsd">
  <metadata>
    <schema>ADL SCORM</schema>
    <schemaversion>1.2</schemaversion>
    <adlcp:location>metadata.xml</adlcp:location>
  </metadata>
  <organizations default="articulate_rise">
      <organization identifier="articulate_rise">
      <title>Short Course 5 – Evaluating gender equity work</title>
      <item identifier="i1" identifierref="r1" isvisible="true">
        <title>Short Course 5 – Evaluating gender equity work</title>
      </item>
    </organization>
  </organizations>
  <resources>
    <resource identifier="r1" type="webcontent" adlcp:scormtype="sco" href="scormdriver/indexAPI.html">
      <!-- SCORMDRIVER STUFF -->
      <file href="scormdriver/indexAPI.html" />
      <file href="scormdriver/AICCComm.html" />
      <file href="scormdriver/auto-scripts/AutoBookmark.js" />
      <file href="scormdriver/auto-scripts/AutoCompleteSCO.js" />
      <file href="scormdriver/auto-scripts/CourseExit.js" />
      <file href="scormdriver/blank.html" />
      <file href="scormdriver/goodbye.html" />
      <file href="scormdriver/scormdriver.js" />
      <file href="scormdriver/browsersniff.js" />

      <!-- RUNTIME COMMON STUFF -->
      <file href="scormcontent/index.html" />
      <file href="scormcontent/lib/main.bundle.js"/>

      
        <file href="scormcontent/lib/fonts/icomoon.ttf"/>
        <file href="scormcontent/lib/fonts/icomoon.woff"/>

        <file href="scormcontent/lib/icomoon.css"/>
        <file href="scormcontent/lib/main.bundle.css"/>
        <file href="scormcontent/lib/player-0.0.11.min.js"/>
        <file href="scormcontent/lib/lzwcompress.js"/>
      

      <!-- RUNTIME CONTENT STUFF -->
      <file href="scormcontent/lib/fonts/Lato-Light.woff" />
<file href="scormcontent/lib/fonts/Lato-Regular.woff" />
<file href="scormcontent/lib/fonts/Lato-Bold.woff" />
<file href="scormcontent/lib/fonts/Lato-Italic.woff" />
<file href="scormcontent/lib/fonts/Lato-Black.woff" />
<file href="scormcontent/lib/fonts/n5b1zQH5dNztK1mU-arial.woff" />
<file href="scormcontent/lib/fonts/6aux3ogKO4oaWerm-arialbd.woff" />
<file href="scormcontent/lib/fonts/xVcJpme4umQVm6vn-ariali.woff" />
<file href="scormcontent/assets/E0z071K0k9DZs1Rc_small.png" />
<file href="scormcontent/assets/TPvqeKRFxSnJow4U_3-NDkVbgXYhP-3nN.png" />
<file href="scormcontent/assets/K7spDt6gU9yALIiv_C5f_Dc9JHpZvtIHV.jpg" />
<file href="scormcontent/assets/Qp5MURlvHlHOWR_k_ByoTKYo0vCte9qSE-support-20-services-20-handout.pdf" />
<file href="scormcontent/assets/dpkFLRLah2_3rlO7_GWtroewpFUu69EJl.jpg" />
<file href="scormcontent/assets/GUMqTTVDUNLTo4qE_cNjeeLdNBNNPs5Aq.jpg" />
<file href="scormcontent/assets/9JsRSqGusKzd7f-7_mountains.jpg" />
<file href="scormcontent/assets/iu6kfYotfsUiW_AW_RWaLSN9bS14uD0sC.jpg" />
<file href="scormcontent/assets/Iu5jPLxvdiIw1Hq6_vgybNKZxL14dJQRc.png" />
<file href="scormcontent/assets/bisGeGsy5SgXjy2q_YoaQNYXfBm-sbIFh.png" />
<file href="scormcontent/assets/tfus6J4l6xqa8ylr_lFZZxbkJsqpsLkiT.png" />
<file href="scormcontent/assets/pFgMyN5o9U6aEjr__0ABrDuw7BjRrRZvb.jpg" />
<file href="scormcontent/assets/43mZtiYQdREo9CFe_5cJNDnj8H5wLbQYY.png" />
<file href="scormcontent/assets/MqzRrSIERLA5B5Xj_qKv72iHNzzkn13kz.jpg" />
<file href="scormcontent/assets/fSPJQX-EjhwG9kHf_IHLPco_qncZ3zG_W.png" />
<file href="scormcontent/assets/4m7WPI4Al_N9qI_a_dVdndN6geuKh0Vwf.jpg" />
<file href="scormcontent/assets/QgyI12VIqUgrwFm__HLBhY81Z2MHNtiDE.png" />
<file href="scormcontent/assets/XMjd6J7Li3frotBG_ubvcCfOjzNQzfKt5.png" />
<file href="scormcontent/assets/foPEQRE5R_RTVtZg_SDLTYTMIsR-OQFSd.jpg" />
<file href="scormcontent/assets/lgVIq-Zlx4NmlKhR_01RVjAKPqQjR6I9d.jpg" />
<file href="scormcontent/assets/OjlQ2ZeE1FhhMznV_abQXLTTWU7SqVZL7.jpg" />
<file href="scormcontent/assets/UcCK_1yf76Xy4wfC_olZfvQAjKq4gfxgB.jpg" />
<file href="scormcontent/assets/DXXYUBpR-JZ4mtCL_r-L2mnLEmgQD4b6d.jpg" />
<file href="scormcontent/assets/FHfyoUqYgI0H-xlo_wKCgCjAz8tuOZw0x.jpg" />
<file href="scormcontent/assets/F1tpUHzTZeeaePPR_0XBdoXZ-WBYvzY4D.jpg" />
<file href="scormcontent/assets/DqidZbgPm6VG9B4t_O5j4pVM9f0haEoe3.jpg" />
<file href="scormcontent/assets/eaXy6ifOjeAb14YR_xlNEs0nP7UQcx0O9.jpg" />
<file href="scormcontent/assets/yfbXDvnQhxDWAJt7_16gGmnLUorvrG21a.jpg" />
<file href="scormcontent/assets/Ir61qZfHKgWVGNCR_BRNJ2XVAuknN7-Jo.jpg" />
<file href="scormcontent/assets/AED-Qeej2LA79l9T_tiozCOywS585LqA0.jpg" />
<file href="scormcontent/assets/sGgvpmKu8YBB5c8T_co6kLmY_IsKP08BK.png" />
<file href="scormcontent/assets/b8BLiKD3eLz9jMBK_3n0ryhJRyLl6Hqll.jpg" />
<file href="scormcontent/assets/RguS22oEULBmboxR_wKbx7xL3w2hnkuIJ.jpg" />
<file href="scormcontent/assets/7K9LVWCKRsx3M8R-_KQxu1Eqh-04Zmz9I.jpg" />
<file href="scormcontent/assets/D1p8xQQLC1JsqCio_GSfQ4Lud9WqPUhVy.png" />
<file href="scormcontent/assets/tyNY6TMaXPH0ulHB__SQtYI9r7Uj-fy8J.png" />
<file href="scormcontent/assets/xz4BsSZjL-fduver_53adWPWqJgH0yrmT.png" />
<file href="scormcontent/assets/XLuAiPtv79WJ-ZJS_iTcjiX9eMD0BRVIS.jpg" />
<file href="scormcontent/assets/7iyuElvElIESCtCy_GXTAywH2v5DBtA_y.png" />
<file href="scormcontent/assets/s-yr9fX5zcaYtJo1_Xo5uILAgIOljg6kG.jpg" />
<file href="scormcontent/assets/hkddcd52et9JLZmm_xpVH63AwBp274TaB.jpg" />
<file href="scormcontent/assets/qqt1qdXD1yryrrOh_693WuxON3lkZcJvb.jpg" />
<file href="scormcontent/assets/AVxM7qcJz5FhRzTE_uxo2Zdi89RL_tWR_.jpg" />
<file href="scormcontent/assets/LmmxKVuVuTkZbOjK_jj44hbk7GBPsoepo.jpg" />
<file href="scormcontent/assets/RLTZKWLOvrFL9p1P_Wbo0nIt8ebUpUDod.png" />
<file href="scormcontent/assets/4Xp9opFvhOMhK7TL_vdmpxoKorJV2Gpnb.png" />
<file href="scormcontent/assets/uiiAB-lFxfKeqzUL_WGdoxC9NRCDEYKNP.png" />
<file href="scormcontent/assets/WHTZgsqwPhisB7QY_PBx54yy3BHa5yJr0.png" />
<file href="scormcontent/assets/i0BXs5Na6Wi30KGW_e8BdnWVUSJ819ScI.png" />

    </resource>
  </resources>
</manifest>
