<?xml version="1.0" ?>
<manifest identifier="MfHrFVypgg4u4AQ4MODnvl4pxGwTldLhXjwySUTm" version="1"
  xmlns="http://www.imsproject.org/xsd/imscp_rootv1p1p2"
  xmlns:adlcp="http://www.adlnet.org/xsd/adlcp_rootv1p2"
  xmlns:xsi="http://www.w3.org/2001/XMLSchema-instance"
  xsi:schemaLocation="http://www.imsproject.org/xsd/imscp_rootv1p1p2 imscp_rootv1p1p2.xsd
                      http://www.imsglobal.org/xsd/imsmd_rootv1p2p1 imsmd_rootv1p2p1.xsd
                      http://www.adlnet.org/xsd/adlcp_rootv1p2 adlcp_rootv1p2.xsd">
  <metadata>
    <schema>ADL SCORM</schema>
    <schemaversion>1.2</schemaversion>
    <adlcp:location>metadata.xml</adlcp:location>
  </metadata>
  <organizations default="articulate_rise">
      <organization identifier="articulate_rise">
      <title>Short Course 5 – Evaluating gender equity work</title>
      <item identifier="i1" identifierref="r1" isvisible="true">
        <title>Short Course 5 – Evaluating gender equity work</title>
      </item>
    </organization>
  </organizations>
  <resources>
    <resource identifier="r1" type="webcontent" adlcp:scormtype="sco" href="scormdriver/indexAPI.html">
      <!-- SCORMDRIVER STUFF -->
      <file href="scormdriver/indexAPI.html" />
      <file href="scormdriver/AICCComm.html" />
      <file href="scormdriver/auto-scripts/AutoBookmark.js" />
      <file href="scormdriver/auto-scripts/AutoCompleteSCO.js" />
      <file href="scormdriver/auto-scripts/CourseExit.js" />
      <file href="scormdriver/blank.html" />
      <file href="scormdriver/goodbye.html" />
      <file href="scormdriver/scormdriver.js" />
      <file href="scormdriver/browsersniff.js" />

      <!-- RUNTIME COMMON STUFF -->
      <file href="scormcontent/index.html" />
      <file href="scormcontent/lib/main.bundle.js"/>

      
        <file href="scormcontent/lib/fonts/icomoon.ttf"/>
        <file href="scormcontent/lib/fonts/icomoon.woff"/>

        <file href="scormcontent/lib/icomoon.css"/>
        <file href="scormcontent/lib/main.bundle.css"/>
        <file href="scormcontent/lib/player-0.0.11.min.js"/>
        <file href="scormcontent/lib/lzwcompress.js"/>
      

      <!-- RUNTIME CONTENT STUFF -->
      <file href="scormcontent/lib/fonts/Lato-Light.woff" />
<file href="scormcontent/lib/fonts/Lato-Regular.woff" />
<file href="scormcontent/lib/fonts/Lato-Bold.woff" />
<file href="scormcontent/lib/fonts/Lato-Italic.woff" />
<file href="scormcontent/lib/fonts/Lato-Black.woff" />
<file href="scormcontent/lib/fonts/n5b1zQH5dNztK1mU-arial.woff" />
<file href="scormcontent/lib/fonts/6aux3ogKO4oaWerm-arialbd.woff" />
<file href="scormcontent/lib/fonts/xVcJpme4umQVm6vn-ariali.woff" />
<file href="scormcontent/assets/OlK9_R6hdTgcR7IW_small.png" />
<file href="scormcontent/assets/4VfOrLPhnO9WC66y_3-NDkVbgXYhP-3nN.png" />
<file href="scormcontent/assets/ITIlGLNR7fDfyoYk_C5f_Dc9JHpZvtIHV.jpg" />
<file href="scormcontent/assets/lDvb6FX4JWITukWM_ByoTKYo0vCte9qSE-support-20-services-20-handout.pdf" />
<file href="scormcontent/assets/wvjTFWvNGW-VcpBp_GWtroewpFUu69EJl.jpg" />
<file href="scormcontent/assets/UhCxnf-oJJ6ca71d_cNjeeLdNBNNPs5Aq.jpg" />
<file href="scormcontent/assets/tINAyxJTEK3TqHGK_mountains.jpg" />
<file href="scormcontent/assets/E_os6tsHD5IEp5j5_RWaLSN9bS14uD0sC.jpg" />
<file href="scormcontent/assets/oN4T0Am-3hEzr3_m_vgybNKZxL14dJQRc.png" />
<file href="scormcontent/assets/HpYH9P1Nkx1tCOFi_YoaQNYXfBm-sbIFh.png" />
<file href="scormcontent/assets/br6ELPQYkScYQPSZ_lFZZxbkJsqpsLkiT.png" />
<file href="scormcontent/assets/P7Tmosg45T3pj7vu_0ABrDuw7BjRrRZvb.jpg" />
<file href="scormcontent/assets/E2SSHHXXBWD0LGx6_5cJNDnj8H5wLbQYY.png" />
<file href="scormcontent/assets/zG3kY8ZVhB8F8zHg_qKv72iHNzzkn13kz.jpg" />
<file href="scormcontent/assets/GzxNMZahKyf2hJo4_IHLPco_qncZ3zG_W.png" />
<file href="scormcontent/assets/jXpbvOnPwQM2YlRX_dVdndN6geuKh0Vwf.jpg" />
<file href="scormcontent/assets/MOA4NbCAEUt3gAA0_HLBhY81Z2MHNtiDE.png" />
<file href="scormcontent/assets/PJprrmWbafvnrrqY_ubvcCfOjzNQzfKt5.png" />
<file href="scormcontent/assets/yRPUp27Z8XXgfpX8_SDLTYTMIsR-OQFSd.jpg" />
<file href="scormcontent/assets/cokDqPRrp_43DdqI_01RVjAKPqQjR6I9d.jpg" />
<file href="scormcontent/assets/uFp9FfrQrjG7B3RI_abQXLTTWU7SqVZL7.jpg" />
<file href="scormcontent/assets/yfHJQgXAqFTLfTit_olZfvQAjKq4gfxgB.jpg" />
<file href="scormcontent/assets/oxzLS5nLwHc3utnH_r-L2mnLEmgQD4b6d.jpg" />
<file href="scormcontent/assets/GBNzYEuUZzIPVyia_wKCgCjAz8tuOZw0x.jpg" />
<file href="scormcontent/assets/bz3N3zTk_vq4w8RO_0XBdoXZ-WBYvzY4D.jpg" />
<file href="scormcontent/assets/1neUgnnMWq_4gPRY_O5j4pVM9f0haEoe3.jpg" />
<file href="scormcontent/assets/Plowhko0aSUemQ5H_xlNEs0nP7UQcx0O9.jpg" />
<file href="scormcontent/assets/Ufj3GV7FZNk3BuNU_16gGmnLUorvrG21a.jpg" />
<file href="scormcontent/assets/_q1Osf5kiNAzfZu0_BRNJ2XVAuknN7-Jo.jpg" />
<file href="scormcontent/assets/wwbZj5afZfAkswDV_tiozCOywS585LqA0.jpg" />
<file href="scormcontent/assets/KKn99OJolklC8hd4_co6kLmY_IsKP08BK.png" />
<file href="scormcontent/assets/7nSjDMkDHHhJ1VjZ_3n0ryhJRyLl6Hqll.jpg" />
<file href="scormcontent/assets/T6Kk80-C3TV2VJ6Z_wKbx7xL3w2hnkuIJ.jpg" />
<file href="scormcontent/assets/oVjPF5iboAvOqT3-_KQxu1Eqh-04Zmz9I.jpg" />
<file href="scormcontent/assets/2HyBAEliQoSJMoX7_GSfQ4Lud9WqPUhVy.png" />
<file href="scormcontent/assets/AfenBWa2hq6-p4CQ__SQtYI9r7Uj-fy8J.png" />
<file href="scormcontent/assets/HNOCYahX6-lndztA_53adWPWqJgH0yrmT.png" />
<file href="scormcontent/assets/s2RmxzbIebF11W7D_iTcjiX9eMD0BRVIS.jpg" />
<file href="scormcontent/assets/zFVCwci6U57YRcaC_GXTAywH2v5DBtA_y.png" />
<file href="scormcontent/assets/4AzOHUyQGAu8fTKC_Xo5uILAgIOljg6kG.jpg" />
<file href="scormcontent/assets/E76MHokQYGOH-4-O_xpVH63AwBp274TaB.jpg" />
<file href="scormcontent/assets/2OKM4FcVACacLFNj_693WuxON3lkZcJvb.jpg" />
<file href="scormcontent/assets/G6pxdCyy3y5CfbPf_uxo2Zdi89RL_tWR_.jpg" />
<file href="scormcontent/assets/BDFbdvySqT5JHyIl_jj44hbk7GBPsoepo.jpg" />
<file href="scormcontent/assets/3yo4NU2-1MiKqUU-_Wbo0nIt8ebUpUDod.png" />
<file href="scormcontent/assets/zs6o75kKJq5MKPVj_vdmpxoKorJV2Gpnb.png" />
<file href="scormcontent/assets/X68x9spqzzPAJNgp_WGdoxC9NRCDEYKNP.png" />
<file href="scormcontent/assets/F0iqAFu87TjeUr9j_PBx54yy3BHa5yJr0.png" />
<file href="scormcontent/assets/yLLQrkYhiwH0ZOzW_e8BdnWVUSJ819ScI.png" />

    </resource>
  </resources>
</manifest>
