<?xml version="1.0" ?>
<manifest identifier="rUp4CXoe00aYGqZioagy05oQ326A7RNEyew7PtBb" version="1"
  xmlns="http://www.imsproject.org/xsd/imscp_rootv1p1p2"
  xmlns:adlcp="http://www.adlnet.org/xsd/adlcp_rootv1p2"
  xmlns:xsi="http://www.w3.org/2001/XMLSchema-instance"
  xsi:schemaLocation="http://www.imsproject.org/xsd/imscp_rootv1p1p2 imscp_rootv1p1p2.xsd
                      http://www.imsglobal.org/xsd/imsmd_rootv1p2p1 imsmd_rootv1p2p1.xsd
                      http://www.adlnet.org/xsd/adlcp_rootv1p2 adlcp_rootv1p2.xsd">
  <metadata>
    <schema>ADL SCORM</schema>
    <schemaversion>1.2</schemaversion>
    <adlcp:location>metadata.xml</adlcp:location>
  </metadata>
  <organizations default="articulate_rise">
      <organization identifier="articulate_rise">
      <title>Short Course 3 – Communicating gender equity</title>
      <item identifier="i1" identifierref="r1" isvisible="true">
        <title>Short Course 3 – Communicating gender equity</title>
      </item>
    </organization>
  </organizations>
  <resources>
    <resource identifier="r1" type="webcontent" adlcp:scormtype="sco" href="scormdriver/indexAPI.html">
      <!-- SCORMDRIVER STUFF -->
      <file href="scormdriver/indexAPI.html" />
      <file href="scormdriver/AICCComm.html" />
      <file href="scormdriver/auto-scripts/AutoBookmark.js" />
      <file href="scormdriver/auto-scripts/AutoCompleteSCO.js" />
      <file href="scormdriver/auto-scripts/CourseExit.js" />
      <file href="scormdriver/blank.html" />
      <file href="scormdriver/goodbye.html" />
      <file href="scormdriver/scormdriver.js" />
      <file href="scormdriver/browsersniff.js" />

      <!-- RUNTIME COMMON STUFF -->
      <file href="scormcontent/index.html" />
      <file href="scormcontent/lib/main.bundle.js"/>

      
        <file href="scormcontent/lib/fonts/icomoon.ttf"/>
        <file href="scormcontent/lib/fonts/icomoon.woff"/>

        <file href="scormcontent/lib/icomoon.css"/>
        <file href="scormcontent/lib/main.bundle.css"/>
        <file href="scormcontent/lib/player-0.0.11.min.js"/>
        <file href="scormcontent/lib/lzwcompress.js"/>
      

      <!-- RUNTIME CONTENT STUFF -->
      <file href="scormcontent/lib/fonts/Lato-Light.woff" />
<file href="scormcontent/lib/fonts/Lato-Regular.woff" />
<file href="scormcontent/lib/fonts/Lato-Bold.woff" />
<file href="scormcontent/lib/fonts/Lato-Italic.woff" />
<file href="scormcontent/lib/fonts/Lato-Black.woff" />
<file href="scormcontent/lib/fonts/n5b1zQH5dNztK1mU-arial.woff" />
<file href="scormcontent/lib/fonts/6aux3ogKO4oaWerm-arialbd.woff" />
<file href="scormcontent/lib/fonts/xVcJpme4umQVm6vn-ariali.woff" />
<file href="scormcontent/assets/t9axI5LsU4UztO9K_small.png" />
<file href="scormcontent/assets/TbEEEuLa37p44dSy_3-NDkVbgXYhP-3nN.png" />
<file href="scormcontent/assets/dlkgqPTw4Xb3V3Pp_I2Um5xCWxNZfZvvF.jpg" />
<file href="scormcontent/assets/cfuWOPF_n4FI8_XZ_hk6RdAinuuDcJDQ9-support-20-services-20-handout.pdf" />
<file href="scormcontent/assets/LKGRF11JuYinyakF_oJ_A4-qMvP_M4TRF.jpg" />
<file href="scormcontent/assets/pD9j5Nmgy7py5YNt_OS1JfB9TAYvjpW0B.png" />
<file href="scormcontent/assets/DMy9Lmo-DH_9Q940_mountains.jpg" />
<file href="scormcontent/assets/1Sbn2DmXminhDdxn_bDffJ1dejxkWihx4.jpg" />
<file href="scormcontent/assets/NHhxy3_cFKNSp8kC_0EsjQxuGCe6LymlH.jpg" />
<file href="scormcontent/assets/vjFS8jgQMuRzYmcc_gCI6GzMADPIG2spG.jpg" />
<file href="scormcontent/assets/j05ftcr7oj8YxjFm_MGVLwJc5rDE-HSIH.png" />
<file href="scormcontent/assets/WnodVidJADqVwsML_DMOP437nRb28y0FY.png" />
<file href="scormcontent/assets/nP7aQx2KP_qLjnqI_KV_-zLw8GT3o7fxJ.png" />
<file href="scormcontent/assets/8bS-kAb4uvLXbwfg_zTH2upXEXzxFwLSZ.png" />
<file href="scormcontent/assets/E7f6i1uimuMoWjrk_mRN98cGtg_2jNgeo.png" />
<file href="scormcontent/assets/wwVch37Jv-DUH5PL_zUa5xHPrgcUvER3B.jpg" />
<file href="scormcontent/assets/6WwPMGPc7EWtjcWc_RxzgMuskojAgWY3N.png" />
<file href="scormcontent/assets/2oMYVgawmMnwsC35_gqmnsIljjo2YqKaY.png" />
<file href="scormcontent/assets/CC4fAmaTpjcUYFIA_xIfVp2RI0SlFm-jh.png" />
<file href="scormcontent/assets/hq9iFNlVIr-m7aPu_TzEIV5xY2HvBKTvF.jpg" />
<file href="scormcontent/assets/l_sFoE4mizO77JAj_mZrVoLdh9aU5l3jF.png" />
<file href="scormcontent/assets/N2pyZMu4VskdSf5W_j0_YarLW5GoidIFb.jpg" />
<file href="scormcontent/assets/cw7HdXExbGN6mvkK_JX70c96oCbeF81eT.jpg" />
<file href="scormcontent/assets/7Gv9F-STUcp7riUv_3l3pY0hcIjxEfh9w.jpg" />
<file href="scormcontent/assets/1F13GoNds6h8Z_qy_mdsoz3Wjm3DaThND.png" />
<file href="scormcontent/assets/rwU_ng-Iuki8h0Nc_nOtl1A2Gfb0sJ4ri.png" />
<file href="scormcontent/assets/lQ7dDFgwyM9ziPAQ_IMgXf8w05eWw5gk4.png" />
<file href="scormcontent/assets/1uoXhZdmO4OYXrUg_-tK4KRsS9ZVFDY5v.jpg" />
<file href="scormcontent/assets/cUv4WNun1GUaPuA0_Nu77YFSDxqrULx6A.jpg" />
<file href="scormcontent/assets/nJ6HRhgWDFa0Rk-J_MadrTd4V0DvKLxWn.jpg" />
<file href="scormcontent/assets/VT7sizO9eLxb94Fq_77W9yOTZawgGdW1T.jpg" />
<file href="scormcontent/assets/d290MBFSK38l36PZ_xDMYkPNl2qaQaoYz.png" />
<file href="scormcontent/assets/VD1rRM968DLO83ll_CP2o7_bEofPQCzdp.png" />
<file href="scormcontent/assets/NFLYUgOTqESMFuLy_K7L7JaZT-ECqNH1d.png" />
<file href="scormcontent/assets/9Kfq-1EqwPKM6XUc_Cmv3zSIYIsesX6l5.png" />
<file href="scormcontent/assets/tqcWPDMbp2RQYttO_q9-i6XYPAfh_4-xi.jpg" />
<file href="scormcontent/assets/66ly1nVODkYCUmvo__TZj64ldDSVkTBQ7.png" />
<file href="scormcontent/assets/wiFzvNgt8SfLydbX_qHEZ5Xd0cvZf8r6H.png" />
<file href="scormcontent/assets/-BYmo0JjjQg3QGwa_fdvrJQpBWK36dGJE.png" />
<file href="scormcontent/assets/Omc7nObKcHJEckHC_755cVbXGocZ85W8X.png" />
<file href="scormcontent/assets/teb1zCXwr9Ax0bGX_9QlhC_FKN3g1PyLy.png" />
<file href="scormcontent/assets/666ltMwr8dmBcl7L_KV9S_5ub1kEpgGF2.png" />
<file href="scormcontent/assets/rB-Q0aWeZV35hBrB_FuqrldtLrIQt4Bg6.png" />
<file href="scormcontent/assets/t8Ca9FD-AxzW9NjF_Uyy_KKRhWivKbgGu.jpg" />
<file href="scormcontent/assets/sf4iVdVd4BxOIbIt_lQCsqPi1h70MLkqY.jpg" />
<file href="scormcontent/assets/y6LcjXMvpBvDjef3_CeiDM5m097tWDyCW.png" />
<file href="scormcontent/assets/PYosoD_IyeJweA1I_Xtt4Ecb6vqm__6I4.jpg" />
<file href="scormcontent/assets/dXXXyaMGwI8flbQD_eFirz7I3kU9SQzML.jpg" />
<file href="scormcontent/assets/g1n-LpRqxKMeISK-_id__SiHcHbom8BVw.png" />
<file href="scormcontent/assets/fB7W-gZE83C13cGF_TL0435VbDBMyfjsK.jpg" />
<file href="scormcontent/assets/3RcUp5r4ttysnKQ__Pw36NrvwXJTylMsd.png" />
<file href="scormcontent/assets/BGgIjq_MwZueGPIR_VGb688AR29ZGtEBq.png" />
<file href="scormcontent/assets/oW4aIuTxkkA4xYe8_VBnQXw4gMoIodk6I.png" />
<file href="scormcontent/assets/QTeAMI7ETdtdUP9G_GuTi5CH0eMoZnNnl.jpg" />
<file href="scormcontent/assets/lemhWsz2IvHocW7x_leUGa219bIM40rHi.jpg" />
<file href="scormcontent/assets/bLDgyyRLnCfkIOm1_-pSSj9JqpmOpA0MQ.jpg" />
<file href="scormcontent/assets/kXHXPXJhYMBNSHNF_KGq67LC1rgAvBxLu.png" />
<file href="scormcontent/assets/T6BJ9gwy3G-ya9O9_hMaNaOlWi9PaeTdm.png" />
<file href="scormcontent/assets/RDbudJ-ywU9-gOTs_r2oe7eIJv9ebyB8x.png" />
<file href="scormcontent/assets/jXa8TgOS-lyt3EyT_e1uX6DdbyXgypa3k.png" />
<file href="scormcontent/assets/hBO5GrmSdqXuOeD-_nkLwE2oFxRfnFg2u.png" />
<file href="scormcontent/assets/D_EVOqnrWnQhSuvB_Uu7wSgfdoOTRolmI.png" />
<file href="scormcontent/assets/oOY7DleaVp5K5AMi_4B7LWvgAwKSkZANc.png" />
<file href="scormcontent/assets/_OYkyHUMTaEttGtn_oJrEM7p4u4WTqULQ.png" />
<file href="scormcontent/assets/HirDzBRESHoCPNIl_0wmXsG6MFLwA0av8.png" />
<file href="scormcontent/assets/4hT5RLztDHK-tC2N_VaDYCSuxSkD3npyl.png" />
<file href="scormcontent/assets/U5l1jrNbxeAOdN0O_foHvWIBwg1dqlFEx.png" />
<file href="scormcontent/assets/_AvAi9-9kM_S6Et2_3FO1t3fYX2na4h81.png" />
<file href="scormcontent/assets/lS7qEwk-6f98zAr7_N9rMd0KEkajK94k_.png" />
<file href="scormcontent/assets/J-0b_49tdZHHt-JB_e8BdnWVUSJ819ScI.png" />

    </resource>
  </resources>
</manifest>
