<?xml version="1.0" ?>
<manifest identifier="MfHrFVypgg4u4AQ4MODnvl4pxGwTldLhhCcD8LAo" version="1"
  xmlns="http://www.imsproject.org/xsd/imscp_rootv1p1p2"
  xmlns:adlcp="http://www.adlnet.org/xsd/adlcp_rootv1p2"
  xmlns:xsi="http://www.w3.org/2001/XMLSchema-instance"
  xsi:schemaLocation="http://www.imsproject.org/xsd/imscp_rootv1p1p2 imscp_rootv1p1p2.xsd
                      http://www.imsglobal.org/xsd/imsmd_rootv1p2p1 imsmd_rootv1p2p1.xsd
                      http://www.adlnet.org/xsd/adlcp_rootv1p2 adlcp_rootv1p2.xsd">
  <metadata>
    <schema>ADL SCORM</schema>
    <schemaversion>1.2</schemaversion>
    <adlcp:location>metadata.xml</adlcp:location>
  </metadata>
  <organizations default="articulate_rise">
      <organization identifier="articulate_rise">
      <title>Short Course 5 – Evaluating gender equity work</title>
      <item identifier="i1" identifierref="r1" isvisible="true">
        <title>Short Course 5 – Evaluating gender equity work</title>
      </item>
    </organization>
  </organizations>
  <resources>
    <resource identifier="r1" type="webcontent" adlcp:scormtype="sco" href="scormdriver/indexAPI.html">
      <!-- SCORMDRIVER STUFF -->
      <file href="scormdriver/indexAPI.html" />
      <file href="scormdriver/AICCComm.html" />
      <file href="scormdriver/auto-scripts/AutoBookmark.js" />
      <file href="scormdriver/auto-scripts/AutoCompleteSCO.js" />
      <file href="scormdriver/auto-scripts/CourseExit.js" />
      <file href="scormdriver/blank.html" />
      <file href="scormdriver/goodbye.html" />
      <file href="scormdriver/scormdriver.js" />
      <file href="scormdriver/browsersniff.js" />

      <!-- RUNTIME COMMON STUFF -->
      <file href="scormcontent/index.html" />
      <file href="scormcontent/lib/main.bundle.js"/>

      
        <file href="scormcontent/lib/fonts/icomoon.ttf"/>
        <file href="scormcontent/lib/fonts/icomoon.woff"/>

        <file href="scormcontent/lib/icomoon.css"/>
        <file href="scormcontent/lib/main.bundle.css"/>
        <file href="scormcontent/lib/player-0.0.11.min.js"/>
        <file href="scormcontent/lib/lzwcompress.js"/>
      

      <!-- RUNTIME CONTENT STUFF -->
      <file href="scormcontent/lib/fonts/Lato-Light.woff" />
<file href="scormcontent/lib/fonts/Lato-Regular.woff" />
<file href="scormcontent/lib/fonts/Lato-Bold.woff" />
<file href="scormcontent/lib/fonts/Lato-Italic.woff" />
<file href="scormcontent/lib/fonts/Lato-Black.woff" />
<file href="scormcontent/lib/fonts/n5b1zQH5dNztK1mU-arial.woff" />
<file href="scormcontent/lib/fonts/6aux3ogKO4oaWerm-arialbd.woff" />
<file href="scormcontent/lib/fonts/xVcJpme4umQVm6vn-ariali.woff" />
<file href="scormcontent/assets/pKjRvxmxFQ8wHlrR_small.png" />
<file href="scormcontent/assets/pSi5TanbQhUaJoV3_3-NDkVbgXYhP-3nN.png" />
<file href="scormcontent/assets/pmriGzfwtQp91qoY_C5f_Dc9JHpZvtIHV.jpg" />
<file href="scormcontent/assets/8kMCw03rNna1eES1_Zyv8dGOCVxZjyAeG-support-20-services-20-handout.pdf" />
<file href="scormcontent/assets/LCtNOHC6PzrjQAP-_GWtroewpFUu69EJl.jpg" />
<file href="scormcontent/assets/ZJVwS_7ETo1art_8_cNjeeLdNBNNPs5Aq.jpg" />
<file href="scormcontent/assets/bhMSsiSmuOXuZOZF_mountains.jpg" />
<file href="scormcontent/assets/ejuuqZqi7jY73MRn_RWaLSN9bS14uD0sC.jpg" />
<file href="scormcontent/assets/JKVUXBCPQexMK0Bi_vgybNKZxL14dJQRc.png" />
<file href="scormcontent/assets/UpCC6rAhZD6rhMhu_YoaQNYXfBm-sbIFh.png" />
<file href="scormcontent/assets/E27TXBYpoG44Epkq_lFZZxbkJsqpsLkiT.png" />
<file href="scormcontent/assets/SSrYq87lEF-kWFiL_0ABrDuw7BjRrRZvb.jpg" />
<file href="scormcontent/assets/O-wq_hTQOi501QPU_5cJNDnj8H5wLbQYY.png" />
<file href="scormcontent/assets/b2QCkCJMxy_w-7t-_qKv72iHNzzkn13kz.jpg" />
<file href="scormcontent/assets/uXBP4K1uNmGZtCsD_IHLPco_qncZ3zG_W.png" />
<file href="scormcontent/assets/lMKrwwdBCV_CjAnJ_dVdndN6geuKh0Vwf.jpg" />
<file href="scormcontent/assets/vUjG4wYHhejqugr-_HLBhY81Z2MHNtiDE.png" />
<file href="scormcontent/assets/H7hYDJFTCkvrVcrk_ubvcCfOjzNQzfKt5.png" />
<file href="scormcontent/assets/9XbtNvv83zeSUA58_SDLTYTMIsR-OQFSd.jpg" />
<file href="scormcontent/assets/qcvuhPTufif_pI4P_01RVjAKPqQjR6I9d.jpg" />
<file href="scormcontent/assets/3gObAGX6VDO9bise_abQXLTTWU7SqVZL7.jpg" />
<file href="scormcontent/assets/GDethzwifw67201P_olZfvQAjKq4gfxgB.jpg" />
<file href="scormcontent/assets/BnjjnlhySDXc5JlJ_r-L2mnLEmgQD4b6d.jpg" />
<file href="scormcontent/assets/QIfboFnXT1Yj_3Et_wKCgCjAz8tuOZw0x.jpg" />
<file href="scormcontent/assets/EVK1cbriYv2cs94Y_0XBdoXZ-WBYvzY4D.jpg" />
<file href="scormcontent/assets/VSqQLE5beOlbBcSe_O5j4pVM9f0haEoe3.jpg" />
<file href="scormcontent/assets/uEAglWPxgaTvnp5P_xlNEs0nP7UQcx0O9.jpg" />
<file href="scormcontent/assets/CbCo2jLhTBB9AuT6_16gGmnLUorvrG21a.jpg" />
<file href="scormcontent/assets/yvDN8PifkNj2dlMV_BRNJ2XVAuknN7-Jo.jpg" />
<file href="scormcontent/assets/i9wDyF_YX1kX4jA3_tiozCOywS585LqA0.jpg" />
<file href="scormcontent/assets/IoN8mwOrwgrLzYRZ_co6kLmY_IsKP08BK.png" />
<file href="scormcontent/assets/yAsKqLQD36ylzrop_3n0ryhJRyLl6Hqll.jpg" />
<file href="scormcontent/assets/UP1VLnMjm243jyyr_wKbx7xL3w2hnkuIJ.jpg" />
<file href="scormcontent/assets/Fpmh9aBkBcvuLb6B_KQxu1Eqh-04Zmz9I.jpg" />
<file href="scormcontent/assets/L39sNDM-hcAOk3S6_GSfQ4Lud9WqPUhVy.png" />
<file href="scormcontent/assets/8CHrng1Eq3AF_rk8__SQtYI9r7Uj-fy8J.png" />
<file href="scormcontent/assets/aj_7tSr_LF3h752M_53adWPWqJgH0yrmT.png" />
<file href="scormcontent/assets/Gi6UpzsJ_gxaU4o3_iTcjiX9eMD0BRVIS.jpg" />
<file href="scormcontent/assets/UqaT6QkT6CUPT-uN_GXTAywH2v5DBtA_y.png" />
<file href="scormcontent/assets/2Q4ZkKHu4LbPWMIH_Xo5uILAgIOljg6kG.jpg" />
<file href="scormcontent/assets/i_X-GqO7l7trW3eE_xpVH63AwBp274TaB.jpg" />
<file href="scormcontent/assets/y75mXXixXjzwGObJ_693WuxON3lkZcJvb.jpg" />
<file href="scormcontent/assets/R2LsbvtCbPJJKe7S_uxo2Zdi89RL_tWR_.jpg" />
<file href="scormcontent/assets/e0KnWD-yKUsiP0U5_jj44hbk7GBPsoepo.jpg" />
<file href="scormcontent/assets/B5wJAUapLVhTD6sc_Wbo0nIt8ebUpUDod.png" />
<file href="scormcontent/assets/qy7bAlyAEoa_pj9-_vdmpxoKorJV2Gpnb.png" />
<file href="scormcontent/assets/6RCKRFUVWOwSoy-O_WGdoxC9NRCDEYKNP.png" />
<file href="scormcontent/assets/p7boG4p7Rezrm3lv_PBx54yy3BHa5yJr0.png" />
<file href="scormcontent/assets/7ioVi9jOKGCQqStb_e8BdnWVUSJ819ScI.png" />

    </resource>
  </resources>
</manifest>
